Timestamp,Sensor_id_s,ax,ay,az,mx,my,mz,gx,gy,gz,Sensor_id_e
1644541139.561851,1,-6.05,7.51,0.64,0.00,0.00,0.00,0.01,-0.05,0.03,1
1644541139.5628514,2,7.09,0.71,6.87,0.00,0.00,0.00,-0.01,0.00,0.01,2
1644541139.5628514,1,-6.05,7.51,0.64,0.00,0.00,0.00,0.01,-0.05,0.03,1
1644541139.5638516,2,7.09,0.71,6.87,0.00,0.00,0.00,-0.01,0.00,0.01,2
1644541139.5648518,1,-6.01,7.54,0.72,0.00,0.00,0.00,0.01,-0.05,0.03,1
1644541139.5648518,2,7.06,0.65,6.94,0.00,0.00,0.00,-0.02,0.02,0.02,2
1644541139.5658522,1,-6.01,7.54,0.72,0.00,0.00,0.00,0.02,-0.04,0.03,1
1644541139.566852,2,7.00,0.62,6.98,0.00,0.00,0.00,-0.02,0.02,0.02,2
1644541139.5678523,1,-6.01,7.61,0.76,0.00,0.00,0.00,0.03,-0.03,0.03,1
1644541139.5678523,2,7.00,0.62,6.98,0.00,0.00,0.00,-0.02,0.01,0.01,2
1644541139.5688524,1,-5.97,7.61,0.74,0.00,0.00,0.00,0.04,-0.02,0.03,1
1644541139.5698528,2,6.95,0.65,6.92,0.00,0.00,0.00,-0.02,0.00,0.01,2
1644541139.5708532,1,-5.97,7.61,0.74,0.00,0.00,0.00,0.05,-0.02,0.03,1
1644541139.5708532,2,6.95,0.65,6.92,0.00,0.00,0.00,-0.02,0.00,0.00,2
1644541139.5718534,1,-6.06,7.65,0.74,0.00,0.00,0.00,0.05,-0.02,0.03,1
1644541139.5728536,2,6.92,0.61,6.84,0.00,0.00,0.00,-0.01,0.01,-0.00,2
1644541139.573854,1,-6.15,7.66,0.79,0.00,0.00,0.00,0.03,-0.01,0.02,1
1644541139.573854,2,7.07,0.66,6.93,0.00,0.00,0.00,-0.01,0.02,0.00,2
1644541139.5748541,1,-6.15,7.66,0.79,0.00,0.00,0.00,0.01,-0.01,0.02,1
1644541139.575854,2,7.07,0.66,6.93,0.00,0.00,0.00,-0.01,0.02,0.01,2
1644541139.5768545,1,-6.12,7.70,0.65,0.00,0.00,0.00,-0.00,-0.02,0.01,1
1644541139.5768545,2,7.03,0.68,6.98,0.00,0.00,0.00,-0.02,0.03,0.01,2
1644541139.5778546,1,-6.12,7.70,0.65,0.00,0.00,0.00,-0.01,-0.03,0.00,1
1644541139.5788548,2,7.03,0.68,6.98,0.00,0.00,0.00,-0.03,0.03,0.01,2
1644541139.5788548,1,-6.09,7.67,0.69,0.00,0.00,0.00,0.00,-0.02,-0.00,1
1644541139.5798552,2,6.98,0.69,7.03,0.00,0.00,0.00,-0.02,0.01,0.00,2
1644541139.5808554,1,-6.08,7.63,0.66,0.00,0.00,0.00,0.01,-0.02,-0.00,1
1644541139.5818558,2,7.00,0.62,6.98,0.00,0.00,0.00,-0.03,0.01,-0.01,2
1644541139.5818558,1,-6.08,7.63,0.66,0.00,0.00,0.00,0.02,-0.02,-0.01,1
1644541139.5828557,2,7.00,0.62,6.98,0.00,0.00,0.00,-0.03,-0.00,-0.02,2
1644541139.583856,1,-6.05,7.54,0.69,0.00,0.00,0.00,0.03,-0.01,-0.00,1
1644541139.5848563,2,7.01,0.64,6.91,0.00,0.00,0.00,-0.04,0.01,-0.01,2
1644541139.5848563,1,-6.06,7.54,0.70,0.00,0.00,0.00,0.04,-0.00,-0.00,1
1644541139.5858564,2,7.02,0.64,6.89,0.00,0.00,0.00,-0.01,0.01,-0.01,2
1644541139.5868566,1,-6.06,7.54,0.70,0.00,0.00,0.00,0.04,-0.01,0.00,1
1644541139.587857,2,7.02,0.64,6.89,0.00,0.00,0.00,-0.02,0.02,-0.00,2
1644541139.587857,1,-6.11,7.67,0.66,0.00,0.00,0.00,0.02,-0.02,0.00,1
1644541139.5888572,2,7.05,0.76,7.03,0.00,0.00,0.00,-0.02,0.03,0.01,2
1644541139.5898576,1,-6.11,7.67,0.66,0.00,0.00,0.00,0.01,-0.02,-0.01,1
1644541139.590858,2,7.05,0.76,7.03,0.00,0.00,0.00,-0.02,0.03,0.02,2
1644541139.590858,1,-6.07,7.64,0.75,0.00,0.00,0.00,0.01,-0.01,-0.01,1
1644541139.591858,2,7.08,0.79,7.13,0.00,0.00,0.00,-0.02,0.02,0.01,2
1644541139.592858,1,-6.01,7.57,0.82,0.00,0.00,0.00,0.02,0.01,-0.02,1
1644541139.5938582,2,7.07,0.84,7.12,0.00,0.00,0.00,-0.03,-0.01,-0.01,2
1644541139.5938582,1,-6.01,7.57,0.82,0.00,0.00,0.00,0.03,0.01,-0.03,1
1644541139.5948584,2,7.07,0.84,7.12,0.00,0.00,0.00,-0.03,-0.03,-0.01,2
1644541139.5958593,1,-6.00,7.50,0.73,0.00,0.00,0.00,0.04,0.02,-0.03,1
1644541139.5968592,2,7.05,0.86,6.96,0.00,0.00,0.00,-0.03,-0.04,-0.01,2
1644541139.5968592,1,-6.00,7.50,0.73,0.00,0.00,0.00,0.04,0.02,-0.02,1
1644541139.5978596,2,7.05,0.86,6.96,0.00,0.00,0.00,-0.02,-0.03,-0.00,2
1644541139.5988595,1,-5.91,7.42,0.68,0.00,0.00,0.00,0.04,0.02,-0.02,1
1644541139.5998597,2,7.05,0.77,6.79,0.00,0.00,0.00,-0.01,-0.02,0.01,2
1644541139.5998597,1,-5.94,7.49,0.72,0.00,0.00,0.00,0.03,0.02,0.01,1
1644541139.6008599,2,7.03,0.79,6.81,0.00,0.00,0.00,-0.01,-0.01,0.01,2
1644541139.60186,1,-5.94,7.49,0.72,0.00,0.00,0.00,0.00,0.01,0.02,1
1644541139.6028602,2,7.03,0.79,6.81,0.00,0.00,0.00,-0.01,0.02,0.02,2
1644541139.6028602,1,-6.02,7.50,0.79,0.00,0.00,0.00,-0.03,-0.00,0.02,1
1644541139.6038604,2,6.98,0.68,6.77,0.00,0.00,0.00,-0.01,0.02,0.02,2
1644541139.604861,1,-5.97,7.50,0.71,0.00,0.00,0.00,-0.04,-0.02,0.02,1
1644541139.6058614,2,7.02,0.64,6.96,0.00,0.00,0.00,0.01,0.02,0.02,2
1644541139.6058614,1,-5.97,7.50,0.71,0.00,0.00,0.00,-0.03,-0.00,0.02,1
1644541139.6068614,2,7.02,0.64,6.96,0.00,0.00,0.00,0.00,0.02,0.00,2
1644541139.6078615,1,-6.03,7.67,0.68,0.00,0.00,0.00,-0.02,0.01,0.02,1
1644541139.6078615,2,7.02,0.73,7.02,0.00,0.00,0.00,0.01,0.00,-0.01,2
1644541139.6088617,1,-6.03,7.67,0.68,0.00,0.00,0.00,-0.00,0.01,0.01,1
1644541139.6098619,2,7.02,0.73,7.02,0.00,0.00,0.00,0.01,-0.02,-0.02,2
1644541139.610862,1,-6.05,7.61,0.71,0.00,0.00,0.00,0.00,0.02,0.00,1
1644541139.610862,2,6.98,0.80,6.95,0.00,0.00,0.00,0.01,-0.03,-0.02,2
1644541139.6118622,1,-5.97,7.57,0.73,0.00,0.00,0.00,0.01,0.02,0.00,1
1644541139.6128628,2,7.02,0.82,6.89,0.00,0.00,0.00,0.01,-0.02,-0.01,2
1644541139.613863,1,-5.97,7.57,0.73,0.00,0.00,0.00,0.02,0.02,0.01,1
1644541139.613863,2,7.02,0.82,6.89,0.00,0.00,0.00,0.00,-0.01,-0.00,2
1644541139.6148632,1,-6.03,7.48,0.78,0.00,0.00,0.00,0.01,0.02,0.01,1
1644541139.6158636,2,7.01,0.76,6.96,0.00,0.00,0.00,-0.01,0.00,-0.00,2
1644541139.6168635,1,-6.05,7.56,0.82,0.00,0.00,0.00,-0.01,0.03,0.03,1
1644541139.6168635,2,7.01,0.71,6.94,0.00,0.00,0.00,-0.01,0.01,0.00,2
1644541139.617864,1,-6.05,7.56,0.82,0.00,0.00,0.00,-0.03,0.02,0.02,1
1644541139.618864,2,7.01,0.71,6.94,0.00,0.00,0.00,-0.01,0.00,0.00,2
1644541139.6198642,1,-6.07,7.54,0.64,0.00,0.00,0.00,-0.04,0.01,0.02,1
1644541139.6198642,2,6.94,0.72,6.90,0.00,0.00,0.00,0.02,-0.00,-0.01,2
1644541139.6208646,1,-6.07,7.54,0.64,0.00,0.00,0.00,-0.03,0.01,0.02,1
1644541139.621865,2,6.94,0.72,6.90,0.00,0.00,0.00,0.02,-0.00,-0.02,2
1644541139.622865,1,-6.06,7.62,0.68,0.00,0.00,0.00,-0.01,0.01,0.02,1
1644541139.622865,2,6.95,0.82,6.98,0.00,0.00,0.00,0.02,0.00,-0.01,2
1644541139.6238651,1,-6.07,7.57,0.68,0.00,0.00,0.00,-0.00,0.01,0.01,1
1644541139.6248653,2,6.98,0.79,6.97,0.00,0.00,0.00,0.02,0.00,-0.01,2
1644541139.6258657,1,-6.07,7.57,0.68,0.00,0.00,0.00,-0.01,0.01,0.01,1
1644541139.6258657,2,6.98,0.79,6.97,0.00,0.00,0.00,0.00,0.00,-0.00,2
1644541139.6268659,1,-6.07,7.59,0.75,0.00,0.00,0.00,-0.02,0.01,0.01,1
1644541139.627866,2,6.91,0.73,6.93,0.00,0.00,0.00,-0.00,0.01,-0.01,2
1644541139.6288662,1,-6.07,7.59,0.75,0.00,0.00,0.00,-0.01,0.01,-0.00,1
1644541139.6288662,2,6.91,0.73,6.93,0.00,0.00,0.00,-0.01,0.01,-0.01,2
1644541139.6298666,1,-6.06,7.61,0.75,0.00,0.00,0.00,-0.01,0.01,0.01,1
1644541139.6308668,2,6.94,0.68,6.94,0.00,0.00,0.00,0.01,0.01,-0.01,2
1644541139.631867,1,-6.06,7.55,0.73,0.00,0.00,0.00,-0.01,0.01,0.01,1
1644541139.631867,2,6.99,0.70,6.86,0.00,0.00,0.00,0.01,0.01,-0.01,2
1644541139.632867,1,-6.06,7.55,0.73,0.00,0.00,0.00,-0.01,0.02,0.01,1
1644541139.6338675,2,6.99,0.70,6.86,0.00,0.00,0.00,0.01,0.02,-0.01,2
1644541139.6348674,1,-5.93,7.51,0.71,0.00,0.00,0.00,-0.01,0.02,0.01,1
1644541139.6348674,2,6.95,0.70,6.88,0.00,0.00,0.00,0.01,0.03,-0.01,2
1644541139.6358678,1,-5.98,7.46,0.76,0.00,0.00,0.00,-0.01,0.02,0.02,1
1644541139.636868,2,6.98,0.79,6.99,0.00,0.00,0.00,0.01,0.03,-0.01,2
1644541139.6378684,1,-5.98,7.46,0.76,0.00,0.00,0.00,0.00,0.04,0.02,1
1644541139.6378684,2,6.98,0.79,6.99,0.00,0.00,0.00,0.01,0.04,-0.02,2
1644541139.6388686,1,-6.02,7.49,0.73,0.00,0.00,0.00,0.00,0.04,0.03,1
1644541139.639869,2,7.07,0.69,6.98,0.00,0.00,0.00,0.02,0.03,-0.02,2
1644541139.6408691,1,-6.02,7.49,0.73,0.00,0.00,0.00,-0.00,0.03,0.03,1
1644541139.6408691,2,7.07,0.69,6.98,0.00,0.00,0.00,0.02,0.03,-0.02,2
1644541139.6418693,1,-6.09,7.60,0.70,0.00,0.00,0.00,-0.03,0.02,0.03,1
1644541139.6428695,2,6.99,0.68,7.10,0.00,0.00,0.00,0.02,0.02,-0.03,2
1644541139.6438696,1,-6.00,7.64,0.65,0.00,0.00,0.00,-0.04,0.00,0.02,1
1644541139.6438696,2,7.02,0.59,7.12,0.00,0.00,0.00,0.01,0.01,-0.03,2
1644541139.6448698,1,-6.00,7.64,0.65,0.00,0.00,0.00,-0.03,0.01,0.02,1
1644541139.6458704,2,7.02,0.59,7.12,0.00,0.00,0.00,0.02,0.00,-0.03,2
1644541139.6468704,1,-6.04,7.62,0.63,0.00,0.00,0.00,-0.01,0.02,0.02,1
1644541139.6468704,2,7.05,0.77,7.11,0.00,0.00,0.00,-0.00,0.00,-0.03,2
1644541139.6478708,1,-6.02,7.65,0.64,0.00,0.00,0.00,-0.01,0.02,0.01,1
1644541139.6488707,2,7.05,0.77,7.11,0.00,0.00,0.00,-0.01,0.01,-0.02,2
1644541139.649871,1,-6.02,7.65,0.64,0.00,0.00,0.00,0.00,0.03,0.02,1
1644541139.649871,2,7.05,0.79,7.01,0.00,0.00,0.00,-0.00,-0.01,-0.02,2
1644541139.6508713,1,-6.02,7.51,0.67,0.00,0.00,0.00,0.01,0.03,0.02,1
1644541139.6518714,2,7.05,0.82,6.87,0.00,0.00,0.00,0.01,0.00,-0.01,2
1644541139.6528716,1,-6.02,7.51,0.67,0.00,0.00,0.00,0.01,0.03,0.02,1
1644541139.653872,2,7.05,0.82,6.87,0.00,0.00,0.00,0.01,0.01,-0.00,2
1644541139.653872,1,-5.98,7.54,0.74,0.00,0.00,0.00,0.02,0.03,0.03,1
1644541139.6548722,2,7.12,0.76,6.87,0.00,0.00,0.00,0.01,0.03,0.00,2
1644541139.6558723,1,-6.02,7.58,0.75,0.00,0.00,0.00,-0.01,0.03,0.04,1
1644541139.6568723,2,7.02,0.66,7.00,0.00,0.00,0.00,0.00,0.05,0.01,2
1644541139.6568723,1,-6.02,7.58,0.75,0.00,0.00,0.00,-0.03,0.03,0.03,1
1644541139.657873,2,7.02,0.66,7.00,0.00,0.00,0.00,0.01,0.04,0.01,2
1644541139.658873,1,-6.08,7.69,0.68,0.00,0.00,0.00,-0.03,0.02,0.03,1
1644541139.6598732,2,7.02,0.63,7.07,0.00,0.00,0.00,0.01,0.04,0.00,2
1644541139.6598732,1,-6.08,7.69,0.68,0.00,0.00,0.00,-0.02,0.01,0.02,1
1644541139.6608734,2,7.02,0.63,7.07,0.00,0.00,0.00,0.00,0.00,-0.01,2
1644541139.6618736,1,-6.01,7.71,0.70,0.00,0.00,0.00,-0.03,0.01,0.01,1
1644541139.6628742,2,7.00,0.70,7.11,0.00,0.00,0.00,0.01,-0.02,-0.02,2
1644541139.6628742,1,-6.02,7.64,0.68,0.00,0.00,0.00,-0.00,0.02,-0.00,1
1644541139.6638744,2,7.04,0.80,7.00,0.00,0.00,0.00,0.01,-0.03,-0.02,2
1644541139.664875,1,-6.02,7.64,0.68,0.00,0.00,0.00,-0.00,0.02,-0.00,1
1644541139.665875,2,7.04,0.80,7.00,0.00,0.00,0.00,0.00,-0.03,-0.02,2
1644541139.665875,1,-6.02,7.48,0.68,0.00,0.00,0.00,0.01,0.03,0.00,1
1644541139.6668756,2,7.02,0.89,6.93,0.00,0.00,0.00,0.01,-0.02,-0.01,2
1644541139.6678753,1,-6.07,7.49,0.79,0.00,0.00,0.00,-0.00,0.04,0.01,1
1644541139.6688757,2,7.02,0.89,6.93,0.00,0.00,0.00,-0.00,0.02,0.02,2
1644541139.6688757,1,-6.07,7.49,0.79,0.00,0.00,0.00,-0.03,0.04,0.01,1
1644541139.669878,2,7.13,0.76,6.93,0.00,0.00,0.00,-0.00,0.04,0.03,2
1644541139.6708758,1,-6.02,7.53,0.64,0.00,0.00,0.00,-0.03,0.03,0.02,1
1644541139.671876,2,7.07,0.70,7.01,0.00,0.00,0.00,0.00,0.04,0.02,2
1644541139.671876,1,-6.02,7.53,0.64,0.00,0.00,0.00,-0.02,0.02,0.01,1
1644541139.6728761,2,7.07,0.70,7.01,0.00,0.00,0.00,0.01,0.03,0.01,2
1644541139.6738765,1,-6.06,7.56,0.63,0.00,0.00,0.00,-0.01,-0.00,0.01,1
1644541139.6738765,2,7.00,0.68,7.14,0.00,0.00,0.00,-0.00,0.01,0.01,2
1644541139.674877,1,-6.09,7.62,0.61,0.00,0.00,0.00,0.00,-0.01,-0.00,1
1644541139.6758773,2,7.05,0.71,7.13,0.00,0.00,0.00,-0.00,-0.01,-0.01,2
1644541139.676877,1,-6.09,7.62,0.61,0.00,0.00,0.00,0.00,-0.02,-0.00,1
1644541139.676877,2,7.05,0.71,7.13,0.00,0.00,0.00,0.00,-0.04,-0.01,2
1644541139.6778774,1,-6.08,7.62,0.78,0.00,0.00,0.00,-0.01,-0.02,0.00,1
1644541139.6788774,2,7.02,0.70,7.04,0.00,0.00,0.00,-0.02,-0.04,-0.00,2
1644541139.6798775,1,-6.07,7.61,0.77,0.00,0.00,0.00,-0.02,-0.01,0.00,1
1644541139.680878,2,7.02,0.70,7.04,0.00,0.00,0.00,-0.03,-0.04,0.00,2
1644541139.680878,1,-6.07,7.61,0.77,0.00,0.00,0.00,-0.02,-0.01,0.01,1
1644541139.6818783,2,7.06,0.77,6.92,0.00,0.00,0.00,-0.02,-0.02,0.01,2
1644541139.6828785,1,-6.06,7.51,0.70,0.00,0.00,0.00,-0.02,0.01,0.01,1
1644541139.6828785,2,6.98,0.63,6.77,0.00,0.00,0.00,-0.02,-0.01,0.02,2
1644541139.6838787,1,-6.06,7.51,0.70,0.00,0.00,0.00,-0.02,0.02,0.00,1
1644541139.6848788,2,6.98,0.63,6.77,0.00,0.00,0.00,-0.01,-0.00,0.02,2
1644541139.6858792,1,-6.03,7.55,0.68,0.00,0.00,0.00,-0.00,0.03,0.00,1
1644541139.6868792,2,6.94,0.60,6.86,0.00,0.00,0.00,-0.01,0.02,0.02,2
1644541139.6868792,1,-6.07,7.58,0.66,0.00,0.00,0.00,0.01,0.03,-0.00,1
1644541139.6878796,2,7.03,0.72,7.08,0.00,0.00,0.00,-0.02,0.02,0.02,2
1644541139.68888,1,-6.07,7.58,0.66,0.00,0.00,0.00,0.02,0.03,-0.00,1
1644541139.6898801,2,7.03,0.72,7.08,0.00,0.00,0.00,-0.05,0.03,0.02,2
1644541139.6898801,1,-6.03,7.54,0.54,0.00,0.00,0.00,0.03,0.03,-0.01,1
1644541139.6908808,2,6.96,0.73,7.03,0.00,0.00,0.00,-0.06,0.04,0.02,2
1644541139.6918805,1,-6.03,7.54,0.54,0.00,0.00,0.00,0.01,-0.00,-0.00,1
1644541139.6918805,2,6.96,0.73,7.03,0.00,0.00,0.00,-0.05,0.04,0.02,2
1644541139.6928806,1,-6.01,7.55,0.62,0.00,0.00,0.00,-0.00,-0.02,-0.00,1
1644541139.6938808,2,6.90,0.80,6.98,0.00,0.00,0.00,-0.03,0.00,0.02,2
1644541139.694881,1,-5.95,7.45,0.69,0.00,0.00,0.00,-0.01,-0.03,0.00,1
1644541139.694881,2,6.89,0.80,6.91,0.00,0.00,0.00,-0.02,0.00,0.01,2
1644541139.6958818,1,-5.95,7.45,0.69,0.00,0.00,0.00,-0.00,-0.02,0.01,1
1644541139.6968818,2,6.89,0.80,6.91,0.00,0.00,0.00,-0.02,0.00,0.02,2
1644541139.6978822,1,-6.06,7.53,0.67,0.00,0.00,0.00,0.00,-0.02,0.00,1
1644541139.6978822,2,6.90,0.80,6.89,0.00,0.00,0.00,-0.02,0.02,0.03,2
1644541139.698882,1,-5.99,7.55,0.79,0.00,0.00,0.00,0.02,0.01,0.00,1
1644541139.6998825,2,6.90,0.80,6.89,0.00,0.00,0.00,-0.02,0.04,0.04,2
1644541139.7008827,1,-5.99,7.55,0.79,0.00,0.00,0.00,0.01,0.02,-0.00,1
1644541139.7018826,2,6.87,0.76,6.90,0.00,0.00,0.00,-0.02,0.05,0.05,2
1644541139.7018826,1,-5.93,7.48,0.75,0.00,0.00,0.00,0.01,0.01,-0.01,1
1644541139.7028828,2,6.87,0.76,6.90,0.00,0.00,0.00,-0.02,0.07,0.04,2
1644541139.703883,1,-5.93,7.48,0.75,0.00,0.00,0.00,0.01,0.00,0.00,1
1644541139.703883,2,6.87,0.76,6.90,0.00,0.00,0.00,-0.02,0.07,0.03,2
1644541139.7048833,1,-5.91,7.35,0.79,0.00,0.00,0.00,0.02,0.00,0.02,1
1644541139.705884,2,6.78,0.71,7.00,0.00,0.00,0.00,-0.02,0.06,0.03,2
1644541139.706884,1,-6.03,7.34,0.90,0.00,0.00,0.00,0.01,-0.00,0.03,1
1644541139.706884,2,6.84,0.79,7.01,0.00,0.00,0.00,-0.02,0.05,0.01,2
1644541139.7078843,1,-6.03,7.34,0.90,0.00,0.00,0.00,-0.02,-0.01,0.04,1
1644541139.7088842,2,6.84,0.79,7.01,0.00,0.00,0.00,-0.01,0.04,0.00,2
1644541139.7088842,1,-5.98,7.53,0.87,0.00,0.00,0.00,-0.03,-0.01,0.03,1
1644541139.7098844,2,6.86,0.79,6.95,0.00,0.00,0.00,0.01,0.01,-0.00,2
1644541139.7108846,1,-6.01,7.58,0.91,0.00,0.00,0.00,-0.02,-0.01,0.03,1
1644541139.7118847,2,6.86,0.79,6.95,0.00,0.00,0.00,0.01,0.02,-0.00,2
1644541139.7118847,1,-6.01,7.58,0.91,0.00,0.00,0.00,-0.01,0.02,0.03,1
1644541139.7128851,2,6.96,0.75,7.01,0.00,0.00,0.00,-0.00,0.03,0.00,2
1644541139.7138855,1,-5.97,7.59,0.89,0.00,0.00,0.00,-0.01,0.03,0.03,1
1644541139.7148857,2,7.03,0.70,7.07,0.00,0.00,0.00,-0.01,0.04,0.00,2
1644541139.7148857,1,-5.97,7.59,0.89,0.00,0.00,000,0.02,-0..05,-0.17,-0.09,1
1644541139.7158864,1,-6.76,7.58,1.12,0.00,0.00,0.00,-0.12,0.12,-0.05,1
1644541139.716886,2,7.90,0.60,5.73,0.00,0.00,0.00,0.02,-0.14,-0.08,2
1644541139.717887,1,-6.74,7.34,0.83,0.00,0.00,0.00,-0.09,0.18,-0.09,1
1644541139.717887,2,7.86,0.90,5.70,0.00,0.00,0.00,-0.03,-0.09,-0.08,2
1644541139.7188864,1,-6.74,7.34,0.83,0.00,0.00,0.00,-0.09,0.19,-0.10,1
1644541139.7198868,2,7.83,0.94,5.63,0.00,0.00,0.00,-0.07,-0.05,-0.08,2
1644541139.7208867,1,-6.63,6.99,0.60,0.00,0.00,0.00,0.01,0.17,-0.11,1
1644541139.7208867,2,7.83,0.94,5.63,0.00,0.00,0.00,-0.11,-0.03,-0.07,2
1644541139.7218874,1,-6.63,6.99,0.60,0.00,0.00,0.00,0.06,0.14,-0.09,1
1644541139.7228875,2,7.88,1.15,5.45,0.00,0.00,0.00,-0.09,-0.05,-0.09,2
1644541139.7238877,1,-6.65,6.95,0.64,0.00,0.00,0.00,0.07,0.10,-0.07,1
1644541139.7238877,2,8.05,1.27,5.09,0.00,0.00,0.00,-0.00,-0.07,-0.08,2
1644541139.7248878,1,-6.59,6.86,0.73,0.00,0.00,0.00,0.08,0.06,-0.05,1
1644541139.7258883,2,8.05,1.27,5.09,0.00,0.00,0.00,0.06,-0.09,-0.07,2
1644541139.7268884,1,-6.59,6.86,0.73,0.00,0.00,0.00,0.08,0.00,-0.04,1
1644541139.7278886,2,7.98,1.41,5.11,0.00,0.00,0.00,0.09,-0.16,-0.07,2
1644541139.7278886,1,-6.68,6.95,0.82,0.00,0.00,0.00,0.10,-0.03,-0.04,1
1644541139.7288888,2,7.98,1.41,5.11,0.00,0.00,0.00,0.15,-0.16,-0.07,2
1644541139.729889,1,-6.67,7.09,0.87,0.00,0.00,0.00,0.12,-0.06,-0.06,1
1644541139.7308893,2,8.22,1.08,5.04,0.00,0.00,0.00,0.33,-0.19,-0.04,2
1644541139.7308893,1,-6.67,7.09,0.87,0.00,0.00,0.00,0.17,-0.08,-0.08,1
1644541139.7318895,2,8.37,1.00,5.57,0.00,0.00,0.00,0.35,-0.22,0.02,2
1644541139.7368906,1,-6.67,7.09,1.19,0.00,0.00,0.00,0.22,-0.06,-0.09,1
1644541139.7408917,2,8.37,1.00,5.57,0.00,0.00,0.00,0.31,-0.26,0.04,2
1644541139.7488933,1,-6.67,7.09,1.19,0.00,0.00,0.00,0.26,-0.05,-0.11,1
1644541139.7528942,2,8.13,1.14,5.87,0.00,0.00,0.00,0.22,-0.22,0.06,2
1644541139.760896,1,-6.68,7.06,1.35,0.00,0.00,0.00,0.27,-0.05,-0.11,1
1644541139.7648969,2,8.63,1.20,5.80,0.00,0.00,0.00,0.41,-0.19,-0.04,2
1644541139.769898,1,-6.60,6.97,1.62,0.00,0.00,0.00,0.30,-0.05,-0.13,1
1644541139.7768996,2,8.63,1.20,5.80,0.00,0.00,0.00,0.37,-0.02,0.09,2
1644541139.7819011,1,-6.60,6.97,1.62,0.00,0.00,0.00,0.28,-0.08,-0.13,1
1644541139.7859025,2,8.09,1.58,5.44,0.00,0.00,0.00,0.13,0.09,0.12,2
1644541139.7939036,1,-6.61,6.77,1.77,0.00,0.00,0.00,0.28,-0.11,-0.11,1
1644541139.7979047,2,8.09,1.58,5.44,0.00,0.00,0.00,0.29,0.12,0.18,2
1644541139.806424,1,-6.60,6.87,1.78,0.00,0.00,0.00,0.30,-0.13,-0.11,1
1644541139.8104074,2,8.38,1.04,5.34,0.00,0.00,0.00,0.39,0.12,0.23,2
1644541139.8183684,1,-6.60,6.87,1.78,0.00,0.00,0.00,0.31,-0.13,-0.10,1
1644541139.8229115,2,8.17,1.04,6.01,0.00,0.00,0.00,0.42,0.01,0.27,2
1644541139.826914,1,-6.64,6.99,1.81,0.00,0.00,0.00,0.37,-0.15,-0.14,1
1644541139.8349159,2,8.17,1.04,6.01,0.00,0.00,0.00,0.34,-0.09,0.28,2
1644541139.838916,1,-6.64,6.99,1.81,0.00,0.00,0.00,0.37,-0.17,-0.16,1
1644541139.8439214,2,8.12,0.90,6.00,0.00,0.00,0.00,0.16,-0.10,0.22,2
1644541139.8514895,1,-6.66,6.96,1.83,0.00,0.00,0.00,0.39,-0.16,-0.18,1
1644541139.8554804,2,8.12,0.90,6.00,0.00,0.00,0.00,0.11,-0.08,0.18,2
1644541139.8639286,1,-6.58,6.78,1.95,0.00,0.00,0.00,0.44,-0.12,-0.18,1
1644541139.8675566,2,8.13,0.71,5.55,0.00,0.00,0.00,0.16,-0.08,0.17,2
1644541139.8755276,1,-6.58,6.78,1.95,0.00,0.00,0.00,0.51,-0.07,-0.17,1
1644541139.879529,2,8.13,0.63,5.53,0.00,0.00,0.00,0.23,-0.11,0.15,2
1644541139.8846474,1,-6.72,6.74,1.80,0.00,0.00,0.00,0.58,-0.04,-0.16,1
1644541139.8923364,2,8.13,0.63,5.53,0.00,0.00,0.00,0.27,-0.13,0.14,2
1644541139.8972204,1,-6.73,6.84,1.73,0.00,0.00,0.00,0.59,-0.01,-0.15,1
1644541139.9005702,2,8.09,0.56,5.66,0.00,0.00,0.00,0.28,-0.15,0.11,2
1644541139.9088242,1,-6.73,6.84,1.73,0.00,0.00,0.00,0.58,-0.01,-0.15,1
1644541139.9128416,2,7.97,0.99,6.00,0.00,0.00,0.00,0.18,-0.08,0.06,2
1644541139.9211078,1,-6.78,6.67,2.32,0.00,0.00,0.00,0.65,-0.16,-0.19,1
1644541139.92511,2,7.97,0.99,6.00,0.00,0.00,0.00,0.09,-0.02,0.01,2
1644541139.933421,1,-6.78,6.67,2.32,0.00,0.00,0.00,0.74,-0.29,-0.18,1
1644541139.9374397,2,8.03,0.84,5.85,0.00,0.00,0.00,0.02,0.04,-0.02,2
1644541139.9419897,1,-7.02,6.85,1.36,0.00,0.00,0.00,0.73,-0.29,-0.18,1
1644541139.9492471,2,8.03,0.84,5.85,0.00,0.00,0.00,0.09,0.07,0.02,2
1644541139.953884,1,-6.96,6.57,1.29,0.00,0.00,0.00,0.62,-0.22,-0.11,1
1644541139.9579422,2,8.45,0.61,5.48,0.00,0.00,0.00,0.24,0.04,0.13,2
1644541139.9659462,1,-6.96,6.57,1.29,0.00,0.00,0.00,0.67,-0.21,-0.07,1
1644541139.9699461,2,8.17,0.91,5.65,0.00,0.00,0.00,0.53,-0.01,0.28,2
1644541139.9783118,1,-7.02,6.70,1.48,0.00,0.00,0.00,0.78,-0.28,-0.03,1
1644541139.982444,2,8.17,0.91,5.65,0.00,0.00,0.00,0.55,-0.09,0.27,2
1644541139.9907408,1,-6.83,6.88,1.07,0.00,0.00,0.00,0.86,-0.34,0.01,1
1644541139.9947383,2,7.81,1.23,5.71,0.00,0.00,0.00,0.52,-0.18,0.22,2
1644541139.9987516,1,-6.83,6.88,1.07,0.00,0.00,0.00,0.85,-0.35,0.00,1
1644541140.0067542,2,7.93,1.18,5.76,0.00,0.00,0.00,0.49,-0.21,0.12,2
1644541140.0119076,1,-6.47,7.42,0.08,0.00,0.00,0.00,0.58,-0.24,-0.03,1
1644541140.0159073,2,7.93,1.18,5.76,0.00,0.00,0.00,0.45,-0.21,0.03,2
1644541140.022909,1,-6.47,7.42,0.08,0.00,0.00,0.00,0.30,-0.04,-0.09,1
1644541140.0279117,2,8.27,1.16,5.39,0.00,0.00,0.00,0.49,-0.28,0.00,2
1644541140.0359206,1,-6.41,7.39,0.01,0.00,0.00,0.00,0.11,0.15,-0.14,1
1644541140.0396347,2,8.27,1.16,5.39,0.00,0.00,0.00,0.51,-0.28,-0.01,2
1644541140.047627,1,-6.77,7.01,0.52,0.00,0.00,0.00,0.09,0.27,-0.18,1
1644541140.0520735,2,8.41,1.34,5.24,0.00,0.00,0.00,0.59,-0.30,0.02,2
1644541140.0566375,1,-6.77,7.01,0.52,0.00,0.00,0.00,0.17,0.28,-0.20,1
1644541140.0643597,2,8.60,1.29,4.97,0.00,0.00,0.00,0.74,-0.31,0.08,2
1644541140.0685616,1,-7.07,7.05,0.88,0.00,0.00,0.00,0.23,0.24,-0.21,1
1644541140.072619,2,8.60,1.29,4.97,0.00,0.00,0.00,0.89,-0.32,0.16,2
1644541140.0806222,1,-7.07,7.05,0.88,0.00,0.00,0.00,0.19,0.19,-0.21,1
1644541140.0846226,2,8.77,1.09,5.25,0.00,0.00,0.00,1.00,-0.34,0.25,2
1644541140.092625,1,-7.06,7.07,0.74,0.00,0.00,0.00,0.07,0.15,-0.23,1
1644541140.0966258,2,8.77,1.09,5.25,0.00,0.00,0.00,1.02,-0.30,0.36,2
1644541140.1046271,1,-6.96,7.08,0.47,0.00,0.00,0.00,-0.09,0.13,-0.25,1
1644541140.1096284,2,8.47,1.20,5.35,0.00,0.00,0.00,1.02,-0.21,0.37,2
1644541140.113629,1,-6.96,7.08,0.47,0.00,0.00,0.00,-0.18,0.14,-0.27,1
1644541140.121631,2,8.37,1.47,5.41,0.00,0.00,0.00,0.96,-0.14,0.35,2
1644541140.125632,1,-6.90,6.88,0.65,0.00,0.00,0.00,-0.18,0.15,-0.28,1
1644541140.129633,2,8.37,1.47,5.41,0.00,0.00,0.00,0.84,-0.09,0.36,2
1644541140.1376345,1,-6.99,6.63,1.07,0.00,0.00,0.00,-0.18,0.17,-0.27,1
1644541140.1416354,2,8.31,1.19,5.20,0.00,0.00,0.00,0.78,-0.00,0.38,2
1644541140.1506379,1,-6.99,6.63,1.07,0.00,0.00,0.00,-0.15,0.18,-0.25,1
1644541140.1546385,2,8.17,0.72,5.19,0.00,0.00,0.00,0.80,0.05,0.40,2
1644541140.16264,1,-6.99,6.55,1.27,0.00,0.00,0.00,-0.13,0.22,-0.22,1
1644541140.1666412,2,8.17,0.72,5.19,0.00,0.00,0.00,0.79,-0.01,0.36,2
1644541140.170968,1,-6.99,6.55,1.27,0.00,0.00,0.00,-0.16,0.27,-0.21,1
1644541140.1790624,2,7.91,0.52,5.51,0.00,0.00,0.00,0.78,-0.04,0.29,2
1644541140.1832645,1,-7.09,6.61,1.43,0.00,0.00,0.00,-0.18,0.29,-0.21,1
1644541140.1874342,2,7.91,0.52,5.51,0.00,0.00,0.00,0.77,-0.06,0.21,2
1644541140.1955452,1,-7.19,6.46,2.05,0.00,0.00,0.00,-0.34,0.38,-0.23,1
1644541140.199549,2,8.03,0.22,5.76,0.00,0.00,0.00,0.73,-0.09,0.12,2
1644541140.20744,1,-7.19,6.46,2.05,0.00,0.00,0.00,-0.40,0.39,-0.25,1
1644541140.2118344,2,8.05,0.46,5.99,0.00,0.00,0.00,0.75,-0.14,0.12,2
1644541140.2198665,1,-7.45,6.09,3.42,0.00,0.00,0.00,-0.42,0.29,-0.23,1
1644541140.2241037,2,8.05,0.46,5.99,0.00,0.00,0.00,0.77,-0.15,0.16,2
1644541140.2288878,1,-7.37,6.07,4.08,0.00,0.00,0.00,-0.37,0.19,-0.20,1
1644541140.235891,2,8.05,-0.09,6.06,0.00,0.00,0.00,0.78,-0.15,0.17,2
1644541140.2409165,1,-7.37,6.07,4.08,0.00,0.00,0.00,-0.39,0.21,-0.17,1
1644541140.244919,2,7.73,-0.47,6.64,0.00,0.00,0.00,0.76,-0.15,0.15,2
1644541140.252872,1,-7.08,6.37,5.24,0.00,0.00,0.00,-0.54,0.31,-0.14,1
1644541140.2569265,2,7.73,-0.47,6.64,0.00,0.00,0.00,0.70,-0.17,0.12,2
1644541140.2647734,1,-7.08,6.37,5.24,0.00,0.00,0.00,-0.73,0.40,-0.11,1
1644541140.2691584,2,7.79,-0.71,7.02,0.00,0.00,0.00,0.60,-0.21,0.07,2
1644541140.2774482,1,-6.90,6.40,5.98,0.00,0.00,0.00,-0.88,0.51,-0.06,1
1644541140.2816753,2,7.79,-0.71,7.02,0.00,0.00,0.00,0.36,-0.17,-0.04,2
1644541140.2856123,1,-6.28,6.54,6.30,0.00,0.00,0.00,-1.02,0.72,-0.01,1
1644541140.2936184,2,7.78,-0.70,7.46,0.00,0.00,0.00,0.23,-0.14,-0.09,2
1644541140.297619,1,-6.28,6.54,6.30,0.00,0.00,0.00,-1.12,0.97,0.04,1
1644541140.3026233,2,7.33,-0.21,7.72,0.00,0.00,0.00,0.15,-0.15,-0.13,2
1644541140.3098438,1,-5.87,6.58,6.26,0.00,0.00,0.00,-1.21,1.24,0.10,1
1644541140.3148448,2,7.33,-0.21,7.72,0.00,0.00,0.00,0.08,-0.20,-0.22,2
1644541140.322502,1,-5.52,6.74,5.94,0.00,0.00,0.00,-1.27,1.49,0.15,1
1644541140.3265038,2,6.97,0.29,8.00,0.00,0.00,0.00,0.00,-0.27,-0.30,2
1644541140.3345244,1,-5.52,6.74,5.94,0.00,0.00,0.00,-1.38,1.78,0.20,1
1644541140.3391426,2,6.64,0.57,8.47,0.00,0.00,0.00,-0.32,-0.37,-0.53,2
1644541140.3431437,1,-5.11,6.90,5.26,0.00,0.00,0.00,-1.50,2.06,0.28,1
1644541140.351075,2,6.64,0.57,8.47,0.00,0.00,0.00,-0.51,-0.50,-0.71,2
1644541140.3551514,1,-5.11,6.90,5.26,0.00,0.00,0.00,-1.55,2.37,0.40,1
1644541140.3631551,2,6.44,0.49,7.88,0.00,0.00,0.00,-0.56,-0.65,-0.85,2
1644541140.3671622,1,-4.97,6.63,4.33,0.00,0.00,0.00,-1.54,2.46,0.43,1
1644541140.3716743,2,6.44,0.49,7.88,0.00,0.00,0.00,-0.54,-0.89,-1.02,2
1644541140.3798494,1,-5.15,6.43,1.81,0.00,0.00,0.00,-1.44,3.18,0.75,1
1644541140.3838582,2,6.51,1.00,6.72,0.00,0.00,0.00,-0.50,-1.13,-1.17,2
1644541140.392138,1,-5.15,6.43,1.81,0.00,0.00,0.00,-1.27,3.56,0.89,1
1644541140.3961217,2,7.05,2.43,4.84,0.00,0.00,0.00,-0.46,-1.40,-1.34,2
1644541140.403693,1,-5.58,7.33,-1.98,0.00,0.00,0.00,-1.06,3.72,0.92,1
1644541140.4084353,2,7.05,2.43,4.84,0.00,0.00,0.00,-0.30,-1.98,-1.45,2
1644541140.4128923,1,-5.95,7.92,-5.58,0.00,0.00,0.00,-0.83,3.60,0.91,1
1644541140.4207017,2,8.48,4.64,3.25,0.00,0.00,0.00,-0.45,-2.03,-1.36,2
1644541140.424916,1,-5.95,7.92,-5.58,0.00,0.00,0.00,-0.87,3.49,0.87,1
1644541140.4289505,2,10.87,7.25,-0.73,0.00,0.00,0.00,0.07,-2.71,-1.57,2
1644541140.4369953,1,-5.02,11.26,-10.38,0.00,0.00,0.00,-1.34,2.06,0.47,1
1644541140.4419959,2,10.87,7.25,-0.73,0.00,0.00,0.00,-0.04,-2.11,-1.14,2
1644541140.448985,1,-5.02,11.26,-10.38,0.00,0.00,0.00,2.61,2.86,0.54,1
1644541140.453295,2,2.61,6.92,-10.71,0.00,0.00,0.00,3.54,-3.21,-0.95,2
1644541140.4609988,1,-15.03,2.12,-21.44,0.00,0.00,0.00,1.35,-1.82,0.69,1
1644541140.466,2,2.61,6.92,-10.71,0.00,0.00,0.00,2.21,-1.51,-0.11,2
1644541140.4740071,1,-8.14,8.81,-3.05,0.00,0.00,0.00,-0.97,-0.14,-0.26,1
1644541140.4780345,2,11.89,9.88,3.12,0.00,0.00,0.00,-0.12,-0.08,-0.03,2
1644541140.4820223,1,-8.14,8.81,-3.05,0.00,0.00,0.00,-0.80,-0.04,-0.23,1
1644541140.4900227,2,9.63,3.01,-1.75,0.00,0.00,0.00,-1.26,0.60,0.23,2
1644541140.4950168,1,-7.49,6.21,-6.78,0.00,0.00,0.00,-1.91,0.03,-0.08,1
1644541140.4985962,2,9.63,3.01,-1.75,0.00,0.00,0.00,-2.00,1.26,0.18,2
1644541140.5066025,1,-5.73,5.82,-7.22,0.00,0.00,0.00,-2.33,-0.62,-0.16,1
1644541140.5115473,2,8.86,6.08,-0.73,0.00,0.00,0.00,-2.96,2.09,-0.00,2
1644541140.5190964,1,-5.73,5.82,-7.22,0.00,0.00,0.00,-1.43,-0.95,-0.20,1
1644541140.523568,2,8.81,4.43,-0.88,0.00,0.00,0.00,-3.53,3.33,0.29,2
1644541140.530575,1,-5.24,5.69,-4.35,0.00,0.00,0.00,-0.12,-0.96,-0.02,1
1644541140.5355763,2,8.81,4.43,-0.88,0.00,0.00,0.00,-2.29,2.81,0.44,2
1644541140.540122,1,-5.24,5.69,-4.35,0.00,0.00,0.00,0.24,-0.92,0.01,1
1644541140.5471272,2,7.87,2.06,0.64,0.00,0.00,0.00,-1.42,2.24,0.46,2
1644541140.552133,1,-6.07,6.68,-1.75,0.00,0.00,0.00,1.47,-0.32,0.05,1
1644541140.5565994,2,7.87,2.06,0.64,0.00,0.00,0.00,-0.45,1.32,0.39,2
1644541140.5641797,1,-7.18,7.43,-0.40,0.00,0.00,0.00,1.42,-0.23,0.03,1
1644541140.568634,2,7.73,2.00,3.12,0.00,0.00,0.00,0.27,0.48,0.23,2
1644541140.5764425,1,-7.18,7.43,-0.40,0.00,0.00,0.00,1.18,-0.32,-0.01,1
1644541140.5806372,2,8.92,3.40,3.78,0.00,0.00,0.00,0.85,-0.42,0.15,2
1644541140.5887208,1,-7.02,7.60,-1.12,0.00,0.00,0.00,0.97,-0.61,-0.04,1
1644541140.5927324,2,8.92,3.40,3.78,0.00,0.00,0.00,0.86,-0.44,0.20,2
1644541140.5977373,1,-6.75,7.78,-1.27,0.00,0.00,0.00,0.93,-0.70,-0.05,1
1644541140.6047866,2,9.26,4.14,3.82,0.00,0.00,0.00,0.72,-0.30,0.26,2
1644541140.6092038,1,-6.75,7.78,-1.27,0.00,0.00,0.00,0.62,-1.14,-0.11,1
1644541140.617296,2,9.03,3.70,3.77,0.00,0.00,0.00,0.47,-0.06,0.31,2
1644541140.6213913,1,-6.60,7.35,-0.70,0.00,0.00,0.00,0.56,-1.25,-0.15,1
1644541140.6255145,2,9.03,3.70,3.77,0.00,0.00,0.00,0.31,0.28,0.41,2
1644541140.6337886,1,-6.60,7.35,-0.70,0.00,0.00,0.00,0.55,-1.26,-0.16,1
1644541140.6375287,2,8.98,3.32,3.42,0.00,0.00,0.00,0.27,0.89,0.72,2
1644541140.646073,1,-6.51,6.90,-0.39,0.00,0.00,0.00,0.68,-1.23,-0.14,1
1644541140.649994,2,8.98,3.32,3.42,0.00,0.00,0.00,0.33,1.01,0.79,2
1644541140.6583588,1,-6.15,6.79,-0.02,0.00,0.00,0.00,0.87,-1.16,-0.10,1
1644541140.6623123,2,7.91,2.53,3.74,0.00,0.00,0.00,0.43,0.95,0.77,2
1644541140.6672814,1,-6.15,6.79,-0.02,0.00,0.00,0.00,1.00,-1.08,-0.05,1
1644541140.6742833,2,7.50,1.66,4.41,0.00,0.00,0.00,0.62,0.76,0.71,2
1644541140.6792843,1,-6.16,6.74,0.71,0.00,0.00,0.00,1.04,-1.00,-0.01,1
1644541140.683285,2,7.50,1.66,4.41,0.00,0.00,0.00,0.82,0.54,0.66,2
1644541140.691287,1,-6.42,6.84,1.61,0.00,0.00,0.00,0.97,-0.96,0.04,1
1644541140.6952884,2,7.67,2.05,4.86,0.00,0.00,0.00,0.92,0.39,0.60,2
1644541140.7032895,1,-6.42,6.84,1.61,0.00,0.00,0.00,0.83,-0.91,0.06,1
1644541140.7072904,2,7.75,1.71,5.30,0.00,0.00,0.00,0.92,0.33,0.47,2
1644541140.7122915,1,-6.74,6.82,2.47,0.00,0.00,0.00,0.67,-0.86,0.07,1
1644541140.719293,2,7.75,1.71,5.30,0.00,0.00,0.00,0.87,0.35,0.42,2
1644541140.7242947,1,-6.74,6.82,2.47,0.00,0.00,0.00,0.63,-0.85,0.06,1
1644541140.7282953,2,7.76,1.04,5.75,0.00,0.00,0.00,0.83,0.39,0.39,2
1644541140.736297,1,-6.92,6.87,2.61,0.00,0.00,0.00,0.33,-0.74,0.06,1
1644541140.740298,2,7.76,1.04,5.75,0.00,0.00,0.00,0.75,0.48,0.35,2
1644541140.7482998,1,-7.01,6.61,2.81,0.00,0.00,0.00,0.24,-0.64,0.06,1
1644541140.7523003,2,7.88,0.67,6.29,0.00,0.00,0.00,0.65,0.58,0.31,2
1644541140.7603025,1,-7.01,6.61,2.81,0.00,0.00,0.00,0.27,-0.48,0.06,1
1644541140.7647293,2,7.89,0.36,7.02,0.00,0.00,0.00,0.44,0.75,0.26,2
1644541140.7693129,1,-7.08,6.41,2.72,0.00,0.00,0.00,0.35,-0.30,0.09,1
1644541140.7770615,2,7.89,0.36,7.02,0.00,0.00,0.00,0.34,0.69,0.20,2
1644541140.7813265,1,-7.23,6.56,2.63,0.00,0.00,0.00,0.36,-0.25,0.09,1
1644541140.786104,2,7.88,0.42,7.29,0.00,0.00,0.00,0.33,0.60,0.16,2
1644541140.7935202,1,-7.23,6.56,2.63,0.00,0.00,0.00,0.29,-0.06,0.11,1
1644541140.7981243,2,7.88,0.42,7.29,0.00,0.00,0.00,0.31,0.48,0.13,2
1644541140.80613,1,-7.34,6.88,2.20,0.00,0.00,0.00,0.14,-0.05,0.10,1
1644541140.8101304,2,8.15,0.91,7.24,0.00,0.00,0.00,0.31,0.36,0.12,2
1644541140.8181317,1,-7.34,6.88,2.20,0.00,0.00,0.00,-0.00,-0.05,0.08,1
1644541140.8221333,2,8.18,1.16,7.24,0.00,0.00,0.00,0.34,0.25,0.12,2
1644541140.8261337,1,-7.32,7.03,1.75,0.00,0.00,0.00,-0.15,-0.07,0.05,1
1644541140.8341355,2,8.18,1.16,7.24,0.00,0.00,0.00,0.27,0.09,0.07,2
1644541140.8381367,1,-7.23,7.09,1.11,0.00,0.00,0.00,-0.22,-0.11,0.04,1
1644541140.8431375,2,8.35,1.17,7.15,0.00,0.00,0.00,0.20,0.08,0.06,2
1644541140.8511395,1,-7.23,7.09,1.11,0.00,0.00,0.00,-0.13,-0.09,0.05,1
1644541140.8551407,2,8.21,1.14,6.89,0.00,0.00,0.00,0.11,0.10,0.04,2
1644541140.8631418,1,-7.29,6.92,0.85,0.00,0.00,0.00,-0.05,-0.04,0.03,1
1644541140.867143,2,8.21,1.14,6.89,0.00,0.00,0.00,0.05,0.12,0.03,2
1644541140.8751447,1,-7.24,6.90,0.74,0.00,0.00,0.00,-0.07,-0.04,-0.03,1
1644541140.8791454,2,8.30,1.48,6.49,0.00,0.00,0.00,0.06,0.15,0.03,2
1644541140.884147,1,-7.24,6.90,0.74,0.00,0.00,0.00,-0.02,0.01,-0.03,1
1644541140.8911483,2,8.30,1.48,6.49,0.00,0.00,0.00,0.02,0.10,0.04,2
1644541140.89615,1,-7.09,6.85,0.25,0.00,0.00,0.00,-0.01,0.05,-0.03,1
1644541140.900151,2,8.31,1.64,5.94,0.00,0.00,0.00,0.06,0.08,0.09,2
1644541140.9081564,1,-7.09,6.85,0.25,0.00,0.00,0.00,-0.01,0.06,-0.03,1
1644541140.912194,2,7.97,1.92,5.61,0.00,0.00,0.00,0.09,0.04,0.11,2
1644541140.92049,1,-7.06,6.88,0.25,0.00,0.00,0.00,-0.08,0.06,-0.04,1
1644541140.924176,2,7.97,1.92,5.61,0.00,0.00,0.00,0.10,-0.04,0.09,2
1644541140.9326897,1,-7.13,6.93,0.14,0.00,0.00,0.00,-0.14,0.05,-0.06,1
1644541140.9366932,2,8.10,1.57,5.11,0.00,0.00,0.00,0.18,-0.08,0.07,2
1644541140.9407005,1,-7.13,6.93,0.14,0.00,0.00,0.00,-0.17,0.05,-0.05,1
1644541140.948517,2,7.99,1.63,5.42,0.00,0.00,0.00,0.27,-0.13,0.06,2
1644541140.9531717,1,-7.03,6.90,-0.17,0.00,0.00,0.00,-0.16,0.06,-0.05,1
1644541140.95755,2,7.99,1.63,5.42,0.00,0.00,0.00,0.16,-0.15,-0.02,2
1644541140.9653192,1,-7.09,6.83,-0.18,0.00,0.00,0.00,-0.16,0.06,-0.04,1
1644541140.9695477,2,8.20,1.87,5.44,0.00,0.00,0.00,0.06,-0.14,-0.04,2
1644541140.9778364,1,-7.09,6.83,-0.18,0.00,0.00,0.00,-0.11,0.07,-0.03,1
1644541140.981573,2,8.20,1.87,5.44,0.00,0.00,0.00,-0.04,-0.13,-0.04,2
1644541140.9902248,1,-7.12,6.90,-0.06,0.00,0.00,0.00,-0.09,0.07,-0.02,1
1644541140.9942234,2,8.31,1.78,5.08,0.00,0.00,0.00,-0.07,-0.14,-0.04,2
1644541140.9982336,1,-7.12,6.90,-0.06,0.00,0.00,0.00,-0.10,0.07,-0.02,1
1644541141.006411,2,8.61,1.25,4.68,0.00,0.00,0.00,0.01,-0.17,-0.02,2
1644541141.011283,1,-7.09,6.92,0.10,0.00,0.00,0.00,-0.13,0.10,-0.03,1
1644541141.015296,2,8.61,1.25,4.68,0.00,0.00,0.00,0.19,-0.25,-0.05,2
1644541141.0232878,1,-7.01,7.02,0.31,0.00,0.00,0.00,-0.16,0.15,-0.03,1
1644541141.0270114,2,9.05,0.35,4.43,0.00,0.00,0.00,0.33,-0.24,-0.05,2
1644541141.035174,1,-7.01,7.02,0.31,0.00,0.00,0.00,-0.20,0.20,-0.03,1
1644541141.0391877,2,9.05,0.35,4.43,0.00,0.00,0.00,0.41,-0.24,-0.05,2
1644541141.0470583,1,-6.97,7.52,-0.01,0.00,0.00,0.00,-0.24,0.22,-0.04,1
1644541141.0514789,2,9.72,-0.19,5.05,0.00,0.00,0.00,0.44,-0.26,-0.06,2
1644541141.0556574,1,-6.97,7.52,-0.01,0.00,0.00,0.00,-0.29,0.22,-0.06,1
1644541141.0631177,2,10.00,-0.06,5.62,0.00,0.00,0.00,0.39,-0.34,-0.09,2
1644541141.0679383,1,-6.89,8.06,-0.25,0.00,0.00,0.00,-0.30,0.22,-0.09,1
1644541141.0723429,2,10.00,-0.06,5.62,0.00,0.00,0.00,0.05,-0.47,-0.21,2
1644541141.080347,1,-6.57,8.59,-0.61,0.00,0.00,0.00,-0.29,0.25,-0.14,1
1644541141.0843725,2,10.83,-0.24,5.32,0.00,0.00,0.00,0.01,-0.61,-0.19,2
1644541141.0923765,1,-6.57,8.59,-0.61,0.00,0.00,0.00,-0.28,0.26,-0.16,1
1644541141.0965228,2,11.08,-0.75,4.79,0.00,0.00,0.00,0.04,-0.71,-0.17,2
1644541141.1044145,1,-6.19,8.81,-0.87,0.00,0.00,0.00,-0.06,0.42,-0.27,1
1644541141.1084146,2,11.08,-0.75,4.79,0.00,0.00,0.00,0.11,-0.81,-0.12,2
1644541141.1134171,1,-5.48,9.09,-0.94,0.00,0.00,0.00,0.10,0.54,-0.34,1
1644541141.1210983,2,10.42,-1.21,3.35,0.00,0.00,0.00,0.29,-0.93,-0.08,2
1644541141.125281,1,-5.48,9.09,-0.94,0.00,0.00,0.00,0.21,0.62,-0.42,1
1644541141.1329966,2,10.42,-1.21,3.35,0.00,0.00,0.00,0.54,-1.11,-0.09,2
1644541141.1379976,1,-4.75,8.87,-0.47,0.00,0.00,0.00,0.28,0.63,-0.47,1
1644541141.14143,2,9.50,-1.29,1.73,0.00,0.00,0.00,1.07,-1.33,-0.25,2
1644541141.149861,1,-4.31,8.94,0.19,0.00,0.00,0.00,0.29,0.63,-0.48,1
1644541141.153844,2,9.14,-0.80,1.41,0.00,0.00,0.00,1.17,-1.24,-0.43,2
1644541141.1621509,1,-4.31,8.94,0.19,0.00,0.00,0.00,0.37,0.65,-0.50,1
1644541141.1661532,2,9.14,-0.80,1.41,0.00,0.00,0.00,1.24,-0.94,-0.70,2
1644541141.174155,1,-4.19,9.15,0.95,0.00,0.00,0.00,0.35,0.67,-0.54,1
1644541141.1781557,2,9.40,0.14,1.49,0.00,0.00,0.00,1.11,-0.51,-0.74,2
1644541141.182157,1,-4.19,9.15,0.95,0.00,0.00,0.00,0.35,0.73,-0.59,1
1644541141.1901584,2,10.16,1.61,2.21,0.00,0.00,0.00,0.70,-0.03,-0.68,2
1644541141.1951594,1,-4.27,9.24,0.79,0.00,0.00,0.00,0.45,0.87,-0.64,1
1644541141.1991603,2,10.16,1.61,2.21,0.00,0.00,0.00,0.11,0.44,-0.26,2
1644541141.2071621,1,-4.70,8.64,0.67,0.00,0.00,0.00,0.48,0.91,-0.64,1
1644541141.211163,2,8.90,1.14,3.26,0.00,0.00,0.00,0.32,0.10,-0.13,2
1644541141.2191648,1,-4.70,8.64,0.67,0.00,0.00,0.00,0.78,1.16,-0.63,1
1644541141.223166,2,8.90,1.14,3.26,0.00,0.00,0.00,0.59,-0.25,-0.14,2
1644541141.2311678,1,-5.35,7.90,0.33,0.00,0.00,0.00,0.79,1.17,-0.59,1
1644541141.2351685,2,7.55,0.38,2.99,0.00,0.00,0.00,1.09,-0.85,-0.10,2
1644541141.2401698,1,-5.53,7.33,0.08,0.00,0.00,0.00,0.63,1.12,-0.53,1
1644541141.2481716,2,6.94,1.35,2.56,0.00,0.00,0.00,1.59,-1.49,-0.07,2
1644541141.2521722,1,-5.53,7.33,0.08,0.00,0.00,0.00,0.41,0.97,-0.50,1
1644541141.2561738,2,6.94,1.35,2.56,0.00,0.00,0.00,1.98,-2.01,-0.05,2
1644541141.2644153,1,-6.03,6.04,-0.79,0.00,0.00,0.00,0.33,0.92,-0.49,1
1644541141.2692182,2,7.71,2.71,2.89,0.00,0.00,0.00,1.80,-1.66,-0.04,2
1644541141.2768521,1,-6.03,6.04,-0.79,0.00,0.00,0.00,0.05,0.71,-0.41,1
1644541141.2812538,2,7.69,3.41,3.20,0.00,0.00,0.00,1.54,-1.30,-0.06,2
1644541141.2891035,1,-6.47,5.23,-1.59,0.00,0.00,0.00,-0.01,0.60,-0.33,1
1644541141.2931116,2,7.69,3.41,3.20,0.00,0.00,0.00,1.18,-0.94,-0.12,2
1644541141.2971382,1,-6.92,4.56,-2.36,0.00,0.00,0.00,0.12,0.55,-0.24,1
1644541141.3053975,2,7.24,3.65,2.81,0.00,0.00,0.00,0.87,-0.74,-0.20,2
1644541141.3095865,1,-6.92,4.56,-2.36,0.00,0.00,0.00,0.41,0.50,-0.16,1
1644541141.314316,2,7.24,3.65,2.81,0.00,0.00,0.00,0.85,-1.09,-0.42,2
1644541141.322111,1,-7.63,4.60,-2.39,0.00,0.00,0.00,0.66,0.44,-0.09,1
1644541141.326116,2,6.62,3.84,1.75,0.00,0.00,0.00,1.31,-1.75,-0.43,2
1644541141.334162,1,-7.63,4.60,-2.39,0.00,0.00,0.00,0.78,0.36,-0.06,1
1644541141.3385208,2,6.91,4.45,1.69,0.00,0.00,0.00,1.58,-2.19,-0.42,2
1644541141.3465145,1,-8.09,4.81,-2.34,0.00,0.00,0.00,0.78,0.24,-0.06,1
1644541141.3505454,2,6.91,4.45,1.69,0.00,0.00,0.00,1.68,-2.53,-0.44,2
1644541141.3545334,1,-8.42,4.90,-2.23,0.00,0.00,0.00,0.81,0.11,-0.11,1
1644541141.3625352,2,7.78,5.26,1.53,0.00,0.00,0.00,1.54,-2.54,-0.47,2
1644541141.366933,1,-8.42,4.90,-2.23,0.00,0.00,0.00,0.87,-0.06,-0.18,1
1644541141.3749387,2,8.62,5.42,1.13,0.00,0.00,0.00,1.26,-2.26,-0.49,2
1644541141.379222,1,-8.39,4.76,-2.19,0.00,0.00,0.00,1.13,-0.36,-0.19,1
1644541141.3839407,2,8.62,5.42,1.13,0.00,0.00,0.00,0.39,-1.11,-0.57,2
1644541141.3909402,1,-8.52,4.46,-2.09,0.00,0.00,0.00,1.61,-0.58,-0.16,1
1644541141.3959427,2,7.96,5.10,0.45,0.00,0.00,0.00,0.15,-0.77,-0.66,2
1644541141.4039536,1,-8.52,4.46,-2.09,0.00,0.00,0.00,2.00,-0.72,-0.14,1
1644541141.407944,2,7.96,5.10,0.45,0.00,0.00,0.00,0.14,-0.69,-0.78,2
1644541141.4157577,1,-8.19,4.79,-2.24,0.00,0.00,0.00,2.25,-0.81,-0.09,1
1644541141.4200878,2,7.77,5.32,-0.79,0.00,0.00,0.00,0.36,-0.83,-0.87,2
1644541141.4247663,1,-8.19,4.79,-2.24,0.00,0.00,0.00,2.45,-0.76,-0.07,1
1644541141.432381,2,8.52,6.30,-0.98,0.00,0.00,0.00,0.65,-1.00,-0.90,2
1644541141.4363194,1,-8.20,4.60,-2.35,0.00,0.00,0.00,2.37,-0.67,-0.08,1
1644541141.440782,2,8.52,6.30,-0.98,0.00,0.00,0.00,0.78,-0.95,-0.74,2
1644541141.4487836,1,-8.17,4.40,-2.13,0.00,0.00,0.00,2.35,-0.66,-0.08,1
1644541141.4528594,2,8.94,7.14,-0.39,0.00,0.00,0.00,0.50,-0.55,-0.67,2
1644541141.4611385,1,-8.17,4.40,-2.13,0.00,0.00,0.00,2.26,-0.64,0.19,1
1644541141.465142,2,7.77,6.63,-0.21,0.00,0.00,0.00,0.33,-0.33,-0.70,2
1644541141.4729733,1,-8.20,4.45,-1.95,0.00,0.00,0.00,1.75,-0.74,0.49,1
1644541141.4774342,2,7.77,6.63,-0.21,0.00,0.00,0.00,0.16,-0.09,-0.84,2
1644541141.4816303,1,-9.71,3.59,-1.27,0.00,0.00,0.00,0.66,-0.90,0.82,1
1644541141.4897418,2,7.61,6.44,0.17,0.00,0.00,0.00,0.16,0.11,-0.97,2
1644541141.4939172,1,-9.71,3.59,-1.27,0.00,0.00,0.00,-0.37,-1.04,0.94,1
1644541141.4987617,2,7.61,6.44,0.17,0.00,0.00,0.00,0.12,0.55,-1.05,2
1644541141.5062046,1,-9.42,1.92,-0.50,0.00,0.00,0.00,-0.58,-1.06,0.93,1
1644541141.5102026,2,7.24,7.21,1.38,0.00,0.00,0.00,0.13,0.62,-1.00,2
1644541141.5184786,1,-9.69,0.88,-1.76,0.00,0.00,0.00,-2.05,-0.68,0.86,1
1644541141.5222394,2,7.08,7.81,2.43,0.00,0.00,0.00,0.13,0.54,-0.96,2
1644541141.530256,1,-9.69,0.88,-1.76,0.00,0.00,0.00,-2.56,-0.15,0.70,1
1644541141.5347662,2,7.08,7.81,2.43,0.00,0.00,0.00,0.09,0.37,-0.87,2
1644541141.5396948,1,-9.31,0.16,-4.62,0.00,0.00,0.00,-2.28,0.30,0.59,1
1644541141.5470629,2,7.70,8.21,2.02,0.00,0.00,0.00,0.01,0.13,-0.76,2
1644541141.5512397,1,-9.31,0.16,-4.62,0.00,0.00,0.00,-1.26,0.32,0.62,1
1644541141.555734,2,7.62,7.64,0.99,0.00,0.00,0.00,-0.15,0.15,-0.52,2
1644541141.5638132,1,-10.51,2.90,-5.18,0.00,0.00,0.00,-0.91,0.22,0.63,1
1644541141.5677938,2,7.62,7.64,0.99,0.00,0.00,0.00,-0.18,0.24,-0.43,2
1644541141.575807,1,-10.90,6.66,-3.94,0.00,0.00,0.00,0.23,-0.95,0.43,1
1644541141.5797975,2,7.44,7.15,0.37,0.00,0.00,0.00,-0.20,0.27,-0.38,2
1644541141.587441,1,-10.90,6.66,-3.94,0.00,0.00,0.00,0.01,-1.40,0.21,1
1644541141.5921056,2,7.44,7.15,0.37,0.00,0.00,0.00,-0.21,0.35,-0.32,2
1644541141.5994613,1,-8.83,8.18,-2.83,0.00,0.00,0.00,-0.47,-1.34,-0.00,1
1644541141.6044629,2,7.25,6.64,0.29,0.00,0.00,0.00,-0.22,0.42,-0.25,2
1644541141.6084645,1,-7.59,7.14,-1.18,0.00,0.00,0.00,-0.57,-1.07,-0.20,1
1644541141.616698,2,6.46,6.17,0.26,0.00,0.00,0.00,-0.21,0.39,-0.21,2
1644541141.6207008,1,-7.59,7.14,-1.18,0.00,0.00,0.00,-0.50,-0.96,-0.24,1
1644541141.624937,2,6.46,6.17,0.26,0.00,0.00,0.00,-0.08,-0.03,-0.21,2
1644541141.632718,1,-7.42,6.15,0.16,0.00,0.00,0.00,0.18,-0.46,-0.34,1
1644541141.6367989,2,6.96,5.99,-0.33,0.00,0.00,0.00,-0.01,-0.28,-0.20,2
1644541141.6454551,1,-7.42,6.15,0.16,0.00,0.00,0.00,0.50,-0.40,-0.30,1
1644541141.6494575,2,7.56,6.00,-1.05,0.00,0.00,0.00,0.10,-0.45,-0.16,2
1644541141.6578448,1,-7.49,6.47,0.11,0.00,0.00,0.00,0.51,-0.39,-0.26,1
1644541141.6618469,2,7.56,6.00,-1.05,0.00,0.00,0.00,0.14,-0.58,-0.14,2
1644541141.6659272,1,-7.82,6.82,-0.10,0.00,0.00,0.00,0.24,-0.48,-0.26,1
1644541141.6738677,2,7.85,5.77,-1.37,0.00,0.00,0.00,0.15,-0.68,-0.15,2
1644541141.6782162,1,-7.82,6.82,-0.10,0.00,0.00,0.00,-0.06,-0.58,-0.24,1
1644541141.682887,2,7.85,5.77,-1.37,0.00,0.00,0.00,0.09,-0.45,-0.20,2
1644541141.6908526,1,-7.69,6.57,0.21,0.00,0.00,0.00,-0.36,-0.60,-0.20,1
1644541141.6950815,2,8.00,5.86,-1.59,0.00,0.00,0.00,-0.02,-0.13,-0.26,2
1644541141.7029443,1,-7.48,6.17,-0.08,0.00,0.00,0.00,-0.54,-0.54,-0.16,1
1644541141.7069485,2,8.18,5.87,-1.49,0.00,0.00,0.00,-0.07,0.09,-0.29,2
1644541141.7149942,1,-7.48,6.17,-0.08,0.00,0.00,0.00,-0.50,-0.40,-0.13,1
1644541141.71901,2,8.18,5.87,-1.49,0.00,0.00,0.00,-0.10,0.29,-0.30,2
1644541141.7242703,1,-7.54,5.11,-1.01,0.00,0.00,0.00,-0.27,-0.26,-0.09,1
1644541141.7313025,2,8.58,6.30,-1.02,0.00,0.00,0.00,-0.13,0.44,-0.27,2
1644541141.7363486,1,-7.54,5.11,-1.01,0.00,0.00,0.00,-0.02,-0.17,-0.01,1
1644541141.7436962,2,8.42,6.50,-1.01,0.00,0.00,0.00,-0.02,0.37,-0.15,2
1644541141.7483027,1,-7.74,4.93,-1.86,0.00,0.00,0.00,0.09,-0.16,0.08,1
1644541141.7518861,2,8.42,6.50,-1.01,0.00,0.00,0.00,0.19,0.16,-0.09,2
1644541141.759891,1,-8.63,4.94,-2.38,0.00,0.00,0.00,0.01,-0.30,0.15,1
1644541141.7638958,2,8.78,7.06,-0.63,0.00,0.00,0.00,0.28,0.06,-0.03,2
1644541141.772469,1,-8.63,4.94,-2.38,0.00,0.00,0.00,-0.17,-0.55,0.20,1
1644541141.7764823,2,8.78,7.06,-0.63,0.00,0.00,0.00,0.24,0.09,0.04,2
1644541141.780473,1,-9.14,4.75,-1.88,0.00,0.00,0.00,-0.36,-0.79,0.23,1
1644541141.788475,2,8.80,7.55,0.03,0.00,0.00,0.00,0.11,0.24,0.12,2
1644541141.7924755,1,-9.14,4.75,-1.88,0.00,0.00,0.00,-0.50,-0.93,0.24,1
1644541141.8004775,2,8.06,8.11,0.53,0.00,0.00,0.00,-0.05,0.42,0.17,2
1644541141.8054783,1,-9.08,4.45,-1.69,0.00,0.00,0.00,-0.52,-0.94,0.23,1
1644541141.8094795,2,8.06,8.11,0.53,0.00,0.00,0.00,-0.33,0.57,0.25,2
1644541141.8174815,1,-9.36,3.72,-1.31,0.00,0.00,0.00,-0.44,-0.79,0.20,1
1644541141.821482,2,8.10,8.05,0.97,0.00,0.00,0.00,-0.42,0.54,0.33,2
1644541141.8294837,1,-9.36,3.72,-1.31,0.00,0.00,0.00,-0.22,-0.69,0.20,1
1644541141.833485,2,8.10,8.05,0.97,0.00,0.00,0.00,-0.45,0.41,0.43,2
1644541141.838486,1,-9.60,3.68,-0.97,0.00,0.00,0.00,0.06,-0.69,0.21,1
1644541141.8454876,2,7.88,7.39,0.73,0.00,0.00,0.00,-0.42,0.19,0.50,2
1644541141.8504887,1,-9.70,4.09,-0.40,0.00,0.00,0.00,0.22,-0.79,0.21,1
1644541141.8574905,2,7.77,6.81,-0.07,0.00,0.00,0.00,-0.38,0.01,0.56,2
1644541141.8624914,1,-9.70,4.09,-0.40,0.00,0.00,0.00,0.22,-0.82,0.22,1
1644541141.8664923,2,7.77,6.81,-0.07,0.00,0.00,0.00,-0.18,-0.30,0.70,2
1644541141.8744962,1,-9.29,4.51,-0.08,0.00,0.00,0.00,0.01,-0.95,0.30,1
1644541141.878837,2,7.71,6.44,-0.79,0.00,0.00,0.00,-0.06,-0.30,0.72,2
1644541141.8868554,1,-9.29,4.51,-0.08,0.00,0.00,0.00,-0.21,-1.03,0.35,1
1644541141.8908594,2,7.79,6.59,-1.09,0.00,0.00,0.00,-0.06,-0.23,0.72,2
1644541141.8988628,1,-8.96,4.87,0.22,0.00,0.00,0.00,-0.40,-1.06,0.40,1
1644541141.9028628,2,7.79,6.59,-1.09,0.00,0.00,0.00,-0.11,-0.05,0.71,2
1644541141.9078643,1,-8.30,5.06,0.01,0.00,0.00,0.00,-0.51,-1.05,0.45,1
1644541141.9148655,2,7.67,6.48,-1.01,0.00,0.00,0.00,-0.19,0.18,0.68,2
1644541141.9198668,1,-8.30,5.06,0.01,0.00,0.00,0.00,-0.57,-0.99,0.47,1
1644541141.9238677,2,7.67,6.48,-1.01,0.00,0.00,0.00,-0.36,0.56,0.55,2
1644541141.9318693,1,-7.81,5.30,-0.03,0.00,0.00,0.00,-0.52,-0.92,0.49,1
1644541141.9358702,2,7.50,5.97,-0.55,0.00,0.00,0.00,-0.42,0.79,0.56,2
1644541141.943872,1,-7.65,5.50,0.14,0.00,0.00,0.00,-0.40,-0.88,0.55,1
1644541141.947873,2,7.33,5.48,0.07,0.00,0.00,0.00,-0.38,0.83,0.59,2
1644541141.955875,1,-7.65,5.50,0.14,0.00,0.00,0.00,-0.22,-0.84,0.61,1
1644541141.9608757,2,7.33,5.48,0.07,0.00,0.00,0.00,-0.27,0.69,0.62,2
1644541141.9648771,1,-7.33,6.26,0.97,0.00,0.00,0.00,-0.04,-0.76,0.65,1
1644541141.9728787,2,6.81,4.98,0.56,0.00,0.00,0.00,-0.16,0.45,0.58,2
1644541141.9768794,1,-7.33,6.26,0.97,0.00,0.00,0.00,0.08,-0.64,0.64,1
1644541141.9808805,2,7.35,4.66,0.55,0.00,0.00,0.00,-0.02,0.24,0.54,2
1644541141.989894,1,-7.21,6.97,1.44,0.00,0.00,0.00,0.01,-0.57,0.56,1
1644541141.993906,2,7.35,4.66,0.55,0.00,0.00,0.00,0.18,0.20,0.47,2
1644541142.0019014,1,-7.14,7.94,1.68,0.00,0.00,0.00,-0.17,-0.56,0.47,1
1644541142.0056303,2,7.70,5.00,0.55,0.00,0.00,0.00,0.21,0.31,0.40,2
1644541142.0132375,1,-7.14,7.94,1.68,0.00,0.00,0.00,-0.45,-0.56,0.37,1
1644541142.0180628,2,7.70,5.00,0.55,0.00,0.00,0.00,0.25,0.45,0.37,2
1644541142.0222578,1,-6.62,8.07,1.51,0.00,0.00,0.00,-0.65,-0.52,0.29,1
1644541142.0302668,2,8.17,5.25,0.68,0.00,0.00,0.00,0.30,0.57,0.37,2
1644541142.0342708,1,-6.40,7.79,1.25,0.00,0.00,0.00,-0.66,-0.44,0.22,1
1644541142.0382738,2,8.17,5.46,1.53,0.00,0.00,0.00,0.34,0.60,0.37,2
1644541142.0462747,1,-6.40,7.79,1.25,0.00,0.00,0.00,-0.64,-0.40,0.20,1
1644541142.0508265,2,8.17,5.46,1.53,0.00,0.00,0.00,0.38,0.40,0.43,2
1644541142.0588305,1,-6.24,7.29,1.01,0.00,0.00,0.00,-0.28,-0.29,0.17,1
1644541142.0628445,2,7.95,5.33,1.69,0.00,0.00,0.00,0.37,0.29,0.40,2
1644541142.0712838,1,-6.24,7.29,1.01,0.00,0.00,0.00,-0.15,-0.23,0.19,1
1644541142.0754032,2,8.03,5.39,1.24,0.00,0.00,0.00,0.38,0.27,0.37,2
1644541142.079337,1,-6.17,7.32,1.24,0.00,0.00,0.00,-0.12,-0.21,0.19,1
1644541142.0876894,2,8.03,5.39,1.24,0.00,0.00,0.00,0.40,0.25,0.33,2
1644541142.0919213,1,-6.04,7.20,1.99,0.00,0.00,0.00,-0.15,-0.22,0.21,1
1644541142.0959218,2,8.71,5.71,0.60,0.00,0.00,0.00,0.44,0.24,0.34,2
1644541142.103923,1,-6.04,7.20,1.99,0.00,0.00,0.00,-0.17,-0.21,0.21,1
1644541142.107925,2,8.71,5.71,0.60,0.00,0.00,0.00,0.55,0.31,0.51,2
1644541142.1164677,1,-5.75,6.99,2.24,0.00,0.00,0.00,-0.34,-0.12,0.25,1
1644541142.1199317,2,8.79,5.25,0.69,0.00,0.00,0.00,0.59,0.37,0.60,2
1644541142.1287534,1,-5.85,6.99,2.12,0.00,0.00,0.00,-0.41,-0.07,0.26,1
1644541142.1327558,2,7.71,4.02,1.15,0.00,0.00,0.00,0.63,0.37,0.59,2
1644541142.1368937,1,-5.85,6.99,2.12,0.00,0.00,0.00,-0.40,-0.03,0.26,1
1644541142.1449673,2,7.71,4.02,1.15,0.00,0.00,0.00,0.72,0.33,0.50,2
1644541142.1492343,1,-5.79,7.14,1.62,0.00,0.00,0.00,-0.32,-0.03,0.23,1
1644541142.1532505,2,7.47,3.89,1.48,0.00,0.00,0.00,0.86,0.28,0.35,2
1644541142.1618676,1,-5.79,7.14,1.62,0.00,0.00,0.00,-0.18,-0.07,0.20,1
1644541142.1655042,2,8.30,4.73,1.34,0.00,0.00,0.00,0.92,0.31,0.24,2
1644541142.1730022,1,-5.76,7.06,1.71,0.00,0.00,0.00,0.02,-0.04,0.19,1
1644541142.1777782,2,8.30,4.73,1.34,0.00,0.00,0.00,0.62,0.92,0.17,2
1644541142.1820064,1,-5.75,7.09,2.64,0.00,0.00,0.00,0.17,0.03,0.18,1
1644541142.1900325,2,8.86,4.09,2.16,0.00,0.00,0.00,0.46,1.18,0.27,2
1644541142.1940365,1,-5.75,7.09,2.64,0.00,0.00,0.00,0.20,0.10,0.20,1
1644541142.199036,2,8.86,4.09,2.16,0.00,0.00,0.00,0.39,1.21,0.32,2
1644541142.2065747,1,-5.83,7.23,3.11,0.00,0.00,0.00,0.13,0.15,0.21,1
1644541142.2105796,2,8.13,2.91,3.63,0.00,0.00,0.00,0.33,1.08,0.31,2
1644541142.2188556,1,-5.87,7.09,3.21,0.00,0.00,0.00,0.02,0.16,0.23,1
1644541142.2231548,2,7.75,1.91,2.92,0.00,0.00,0.00,0.30,0.81,0.20,2
1644541142.2311618,1,-5.87,7.09,3.21,0.00,0.00,0.00,0.00,0.16,0.23,1
1644541142.235165,2,7.75,1.91,2.92,0.00,0.00,0.00,0.55,0.08,0.01,2
1644541142.2399344,1,-5.94,7.14,2.51,0.00,0.00,0.00,-0.04,0.22,0.24,1
1644541142.247191,2,7.94,1.98,2.03,0.00,0.00,0.00,0.87,-0.33,-0.06,2
1644541142.2522063,1,-5.94,7.14,2.51,0.00,0.00,0.00,-0.01,0.21,0.22,1
1644541142.259714,2,7.94,1.98,2.03,0.00,0.00,0.00,1.01,-0.53,-0.02,2
1644541142.2636929,1,-5.88,7.36,2.23,0.00,0.00,0.00,0.07,0.20,0.18,1
1644541142.2681837,2,9.11,2.59,1.85,0.00,0.00,0.00,1.02,-0.53,-0.00,2
1644541142.2761848,1,-5.90,7.50,2.25,0.00,0.00,0.00,0.15,0.21,0.13,1
1644541142.2801857,2,10.10,1.83,1.92,0.00,0.00,0.00,0.84,-0.25,0.02,2
1644541142.2881875,1,-5.90,7.50,2.25,0.00,0.00,0.00,0.17,0.22,0.12,1
1644541142.2921882,2,10.10,1.83,1.92,0.00,0.00,0.00,0.56,0.17,0.09,2
1644541142.2971895,1,-5.83,7.23,2.53,0.00,0.00,0.00,0.21,0.35,0.06,1
1644541142.3041909,2,9.84,0.82,2.21,0.00,0.00,0.00,0.09,0.83,0.03,2
1644541142.309192,1,-5.84,6.93,2.59,0.00,0.00,0.00,0.18,0.39,0.07,1
1644541142.3131928,2,9.64,0.97,2.58,0.00,0.00,0.00,-0.02,0.90,-0.05,2
1644541142.3211946,1,-5.84,6.93,2.59,0.00,0.00,0.00,0.12,0.41,0.10,1
1644541142.3251963,2,9.64,0.97,2.58,0.00,0.00,0.00,-0.03,0.87,-0.07,2
1644541142.3331976,1,-5.95,6.70,2.02,0.00,0.00,0.00,0.06,0.40,0.14,1
1644541142.3371983,2,9.73,1.99,2.83,0.00,0.00,0.00,-0.00,0.77,-0.10,2
1644541142.3452,1,-5.95,6.70,2.02,0.00,0.00,0.00,0.00,0.35,0.18,1
1644541142.349201,2,9.73,1.99,2.83,0.00,0.00,0.00,0.07,0.62,-0.12,2
1644541142.3542023,1,-6.12,6.92,1.59,0.00,0.00,0.00,-0.04,0.27,0.19,1
1644541142.3621042,2,10.11,3.21,3.36,0.00,0.00,0.00,0.25,0.25,-0.04,2
1644541142.3663063,1,-6.38,7.24,1.21,0.00,0.00,0.00,-0.08,0.19,0.19,1
1644541142.3703833,2,10.86,4.23,3.49,0.00,0.00,0.00,0.25,0.15,0.09,2
1644541142.3783863,1,-6.38,7.24,1.21,0.00,0.00,0.00,-0.10,0.13,0.17,1
1644541142.3823872,2,10.86,4.23,3.49,0.00,0.00,0.00,0.21,0.14,0.18,2
1644541142.3903892,1,-6.33,7.36,1.23,0.00,0.00,0.00,-0.09,0.10,0.14,1
1644541142.3948624,2,10.53,3.68,3.33,0.00,0.00,0.00,0.14,0.18,0.26,2
1644541142.4028819,1,-6.40,7.22,1.36,0.00,0.00,0.00,-0.04,0.13,0.12,1
1644541142.4068766,2,9.59,2.74,2.90,0.00,0.00,0.00,0.10,0.17,0.30,2
1644541142.4118824,1,-6.40,7.22,1.36,0.00,0.00,0.00,-0.03,0.14,0.11,1
1644541142.4194386,2,9.59,2.74,2.90,0.00,0.00,0.00,0.09,0.09,0.26,2
1644541142.423469,1,-6.41,7.13,1.64,0.00,0.00,0.00,0.05,0.22,0.09,1
1644541142.428471,2,9.11,2.35,2.37,0.00,0.00,0.00,0.14,0.03,0.23,2
1644541142.4358873,1,-6.41,7.13,1.64,0.00,0.00,0.00,0.02,0.25,0.10,1
1644541142.4398866,2,9.11,2.35,2.37,0.00,0.00,0.00,0.18,-0.01,0.20,2
1644541142.4478936,1,-6.47,7.06,1.59,0.00,0.00,0.00,-0.02,0.25,0.13,1
1644541142.4518974,2,8.84,2.54,2.10,0.00,0.00,0.00,0.22,-0.05,0.16,2
1644541142.4605148,1,-6.59,7.30,1.12,0.00,0.00,0.00,-0.09,0.22,0.14,1
1644541142.4645052,2,9.04,3.09,2.18,0.00,0.00,0.00,0.25,-0.10,0.12,2
1644541142.4693089,1,-6.59,7.30,1.12,0.00,0.00,0.00,-0.10,0.19,0.14,1
1644541142.4763765,2,9.04,3.09,2.18,0.00,0.00,0.00,0.25,-0.14,0.10,2
1644541142.4814224,1,-6.55,7.35,0.94,0.00,0.00,0.00,-0.16,0.07,0.12,1
1644541142.4856563,2,9.35,3.51,2.27,0.00,0.00,0.00,0.15,-0.10,0.14,2
1644541142.493658,1,-6.55,7.35,0.94,0.00,0.00,0.00,-0.16,0.05,0.11,1
1644541142.4976497,2,9.35,3.51,2.27,0.00,0.00,0.00,0.05,0.01,0.16,2
1644541142.5055754,1,-6.47,7.32,1.03,0.00,0.00,0.00,-0.13,0.06,0.10,1
1644541142.509553,2,9.17,3.00,2.24,0.00,0.00,0.00,-0.01,0.07,0.16,2
1644541142.517855,1,-6.44,7.30,1.26,0.00,0.00,0.00,-0.10,0.09,0.09,1
1644541142.5216513,2,8.71,2.57,2.17,0.00,0.00,0.00,-0.08,0.14,0.12,2
1644541142.5266538,1,-6.44,7.30,1.26,0.00,0.00,0.00,-0.08,0.12,0.09,1
1644541142.534123,2,8.71,2.57,2.17,0.00,0.00,0.00,-0.12,0.18,0.07,2
1644541142.5389066,1,-6.49,7.42,1.29,0.00,0.00,0.00,-0.06,0.17,0.08,1
1644541142.5426724,2,8.59,2.50,2.14,0.00,0.00,0.00,-0.09,0.14,-0.01,2
1644541142.550629,1,-6.55,7.34,1.19,0.00,0.00,0.00,-0.05,0.19,0.09,1
1644541142.554631,2,8.59,2.93,2.05,0.00,0.00,0.00,-0.04,0.05,-0.02,2
1644541142.5626333,1,-6.55,7.34,1.19,0.00,0.00,0.00,-0.05,0.18,0.07,1
1644541142.566912,2,8.59,2.93,2.05,0.00,0.00,0.00,-0.01,-0.01,-0.03,2
1644541142.574662,1,-6.50,7.36,0.69,0.00,0.00,0.00,-0.03,0.14,0.06,1
1644541142.579196,2,8.88,3.32,1.95,0.00,0.00,0.00,-0.03,-0.04,-0.01,2
1644541142.58339,1,-6.50,7.36,0.69,0.00,0.00,0.00,-0.00,0.08,0.04,1
1644541142.5915031,2,8.88,3.32,1.95,0.00,0.00,0.00,-0.06,-0.04,0.03,2
1644541142.595503,1,-6.40,7.33,0.71,0.00,0.00,0.00,0.00,0.07,0.04,1
1644541142.5995047,2,8.69,3.63,2.01,0.00,0.00,0.00,-0.13,-0.02,0.01,2
1644541142.6075075,1,-6.40,7.07,0.99,0.00,0.00,0.00,0.02,-0.01,0.02,1
1644541142.6125076,2,8.60,3.55,2.00,0.00,0.00,0.00,-0.27,-0.03,-0.07,2
1644541142.6205091,1,-6.40,7.07,0.99,0.00,0.00,0.00,0.02,-0.03,0.02,1
1644541142.6245103,2,8.60,3.55,2.00,0.00,0.00,0.00,-0.28,-0.08,-0.12,2
1644541142.6325173,1,-6.30,6.93,1.21,0.00,0.00,0.00,-0.01,-0.03,0.04,1
1644541142.6365423,2,8.65,3.97,2.10,0.00,0.00,0.00,-0.29,-0.14,-0.16,2
1644541142.6405244,1,-6.31,6.88,1.23,0.00,0.00,0.00,-0.03,-0.01,0.06,1
1644541142.6487548,2,8.91,4.33,1.92,0.00,0.00,0.00,-0.28,-0.23,-0.18,2
1644541142.6530437,1,-6.31,6.88,1.23,0.00,0.00,0.00,-0.03,-0.01,0.07,1
1644541142.6577647,2,8.91,4.33,1.92,0.00,0.00,0.00,-0.26,-0.25,-0.16,2
1644541142.665767,1,-6.49,6.94,1.03,0.00,0.00,0.00,-0.00,0.01,0.09,1
1644541142.6697674,2,9.04,4.46,1.91,0.00,0.00,0.00,-0.25,-0.23,-0.09,2
1644541142.6777692,1,-6.49,6.94,1.03,0.00,0.00,0.00,0.01,0.00,0.10,1
1644541142.68177,2,9.04,4.46,1.91,0.00,0.00,0.00,-0.32,-0.15,-0.07,2
1644541142.6897724,1,-6.53,7.09,0.93,0.00,0.00,0.00,0.01,-0.03,0.10,1
1644541142.693773,2,9.07,4.18,1.89,0.00,0.00,0.00,-0.38,-0.08,-0.06,2
1644541142.6977742,1,-6.51,7.20,1.04,0.00,0.00,0.00,0.02,-0.07,0.09,1
1644541142.7057755,2,8.92,3.81,1.83,0.00,0.00,0.00,-0.46,0.01,-0.07,2
1644541142.710779,1,-6.51,7.20,1.04,0.00,0.00,0.00,0.02,-0.08,0.08,1
1644541142.714778,2,8.92,3.81,1.83,0.00,0.00,0.00,-0.50,0.09,-0.07,2
1644541142.72278,1,-6.39,7.12,1.25,0.00,0.00,0.00,0.04,-0.07,0.08,1
1644541142.7267804,2,8.86,3.59,1.75,0.00,0.00,0.00,-0.49,0.14,-0.08,2
1644541142.7347846,1,-6.28,6.96,1.36,0.00,0.00,0.00,0.07,-0.04,0.08,1
1644541142.7387831,2,8.68,3.65,1.76,0.00,0.00,0.00,-0.36,0.11,-0.06,2
1644541142.746785,1,-6.28,6.96,1.36,0.00,0.00,0.00,0.09,-0.02,0.09,1
1644541142.751218,2,8.68,3.65,1.76,0.00,0.00,0.00,-0.27,0.06,-0.06,2
1644541142.7549946,1,-6.27,6.95,1.66,0.00,0.00,0.00,0.07,-0.01,0.08,1
1644541142.7630026,2,8.78,4.05,1.78,0.00,0.00,0.00,-0.24,0.02,-0.05,2
1644541142.7677004,1,-6.27,6.95,1.66,0.00,0.00,0.00,0.04,-0.01,0.09,1
1644541142.771704,2,8.78,4.05,1.78,0.00,0.00,0.00,-0.19,-0.03,-0.02,2
1644541142.7797053,1,-6.27,6.92,1.78,0.00,0.00,0.00,0.04,-0.01,0.10,1
1644541142.7837064,2,8.75,4.35,1.65,0.00,0.00,0.00,-0.15,-0.08,0.01,2
1644541142.7917087,1,-6.28,6.85,2.04,0.00,0.00,0.00,0.03,0.01,0.15,1
1644541142.795709,2,8.63,4.22,1.43,0.00,0.00,0.00,-0.21,-0.01,0.05,2
1644541142.8007104,1,-6.28,6.85,2.04,0.00,0.00,0.00,0.01,0.04,0.17,1
1644541142.8087125,2,8.63,4.22,1.43,0.00,0.00,0.00,-0.27,0.09,0.05,2
1644541142.8127131,1,-6.38,7.17,2.15,0.00,0.00,0.00,-0.04,0.05,0.17,1
1644541142.8207145,2,8.43,3.83,1.34,0.00,0.00,0.00,-0.30,0.18,0.03,2
1644541142.8247154,1,-6.28,7.10,2.15,0.00,0.00,0.00,-0.08,0.07,0.17,1
1644541142.8287168,2,8.43,3.83,1.34,0.00,0.00,0.00,-0.33,0.30,0.00,2
1644541142.8377187,1,-6.28,7.10,2.15,0.00,0.00,0.00,-0.09,0.08,0.17,1
1644541142.8417194,2,8.22,3.42,1.36,0.00,0.00,0.00,-0.31,0.37,-0.01,2
1644541142.8497212,1,-6.22,6.99,2.14,0.00,0.00,0.00,-0.10,0.13,0.20,1
1644541142.8537228,2,8.33,3.29,1.51,0.00,0.00,0.00,-0.26,0.39,-0.02,2
1644541142.8577237,1,-6.22,6.99,2.14,0.00,0.00,0.00,-0.12,0.14,0.22,1
1644541142.865725,2,8.33,3.29,1.51,0.00,0.00,0.00,-0.12,0.36,-0.03,2
1644541142.8697257,1,-6.31,6.99,2.31,0.00,0.00,0.00,-0.15,0.13,0.23,1
1644541142.8777275,2,8.69,3.11,1.60,0.00,0.00,0.00,-0.05,0.32,-0.00,2
1644541142.8827283,1,-6.49,7.08,2.62,0.00,0.00,0.00,-0.11,0.19,0.23,1
1644541142.8867295,2,9.03,3.21,1.45,0.00,0.00,0.00,-0.00,0.27,0.04,2
1644541142.894731,1,-6.49,7.08,2.62,0.00,0.00,0.00,0.05,0.28,0.21,1
1644541142.8987339,2,9.03,3.21,1.45,0.00,0.00,0.00,0.05,0.31,0.04,2
1644541142.9067354,1,-6.79,7.35,2.74,0.00,0.00,0.00,0.16,0.38,0.18,1
1644541142.9107354,2,9.23,3.34,0.92,0.00,0.00,0.00,0.07,0.35,0.06,2
1644541142.9157364,1,-6.79,7.35,2.74,0.00,0.00,0.00,0.20,0.44,0.15,1
1644541142.9227374,2,9.23,3.34,0.92,0.00,0.00,0.00,0.18,0.46,0.03,2
1644541142.9277387,1,-6.81,7.53,2.83,0.00,0.00,0.00,0.17,0.49,0.10,1
1644541142.9317396,2,9.41,3.49,0.75,0.00,0.00,0.00,0.22,0.62,0.01,2
1644541142.9397411,1,-6.78,7.47,2.98,0.00,0.00,0.00,0.10,0.49,0.05,1
1644541142.9437423,2,9.32,3.54,2.13,0.00,0.00,0.00,0.24,0.77,-0.01,2
1644541142.9517448,1,-6.78,7.47,2.98,0.00,0.00,0.00,0.09,0.49,0.02,1
1644541142.9557452,2,9.32,3.54,2.13,0.00,0.00,0.00,0.24,1.01,-0.04,2
1644541142.963747,1,-6.49,7.17,3.70,0.00,0.00,0.00,0.09,0.50,0.03,1
1644541142.96816,2,9.11,3.36,4.16,0.00,0.00,0.00,0.22,1.26,-0.06,2
1644541142.9727669,1,-6.41,7.04,4.49,0.00,0.00,0.00,0.09,0.52,0.04,1
1644541142.9797616,2,8.39,3.60,6.96,0.00,0.00,0.00,0.12,1.46,-0.11,2
1644541142.9847798,1,-6.41,7.04,4.49,0.00,0.00,0.00,0.11,0.54,0.04,1
1644541142.9897828,2,8.39,3.60,6.96,0.00,0.00,0.00,-0.15,1.31,-0.22,2
1644541142.9967842,1,-5.94,7.38,6.86,0.00,0.00,0.00,0.21,0.67,0.03,1
1644541143.0007849,2,8.59,2.69,8.67,0.00,0.00,0.00,-0.12,1.09,-0.17,2
1644541143.008787,1,-5.94,7.38,6.86,0.00,0.00,0.00,0.31,0.87,0.03,1
1644541143.0127878,2,8.59,2.69,8.67,0.00,0.00,0.00,-0.04,0.82,-0.10,2
1644541143.0207894,1,-5.75,7.35,8.01,0.00,0.00,0.00,0.24,1.17,0.03,1
1644541143.0257907,2,8.55,1.18,9.97,0.00,0.00,0.00,0.12,0.58,-0.03,2
1644541143.0297916,1,-4.93,7.73,9.33,0.00,0.00,0.00,0.13,1.52,0.04,1
1644541143.0377934,2,6.86,1.29,12.91,0.00,0.00,0.00,0.32,0.46,0.01,2
1644541143.0417936,1,-4.93,7.73,9.33,0.00,0.00,0.00,-0.15,1.84,0.09,1
1644541143.0467954,2,6.86,1.29,12.91,0.00,0.00,0.00,0.00,0.27,-0.26,2
1644541143.0537975,1,-4.31,7.91,9.19,0.00,0.00,0.00,-0.56,2.14,0.11,1
1644541143.0587983,2,5.57,2.65,14.48,0.00,0.00,0.00,-0.67,0.07,-0.55,2
1644541143.0668,1,-3.90,8.03,8.46,0.00,0.00,0.00,-0.98,2.37,0.16,1
1644541143.0708008,2,5.57,2.65,14.48,0.00,0.00,0.00,-1.13,-0.11,-0.72,2
1644541143.0788023,1,-3.90,8.03,8.46,0.00,0.00,0.00,-1.34,2.60,0.25,1
1644541143.0828032,2,4.98,4.20,13.27,0.00,0.00,0.00,-1.59,-0.33,-0.86,2
1644541143.0906181,1,-3.62,8.19,6.12,0.00,0.00,0.00,-1.65,2.88,0.39,1
1644541143.0946205,2,5.22,5.04,10.23,0.00,0.00,0.00,-1.93,-0.55,-0.98,2
1644541143.0996218,1,-3.62,8.19,6.12,0.00,0.00,0.00,-1.90,3.22,0.55,1
1644541143.1076229,2,5.22,5.04,10.23,0.00,0.00,0.00,-2.32,-1.02,-1.06,2
1644541143.1116257,1,-3.49,9.10,3.71,0.00,0.00,0.00,-2.10,3.58,0.70,1
1644541143.1156247,2,5.63,5.83,5.95,0.00,0.00,0.00,-2.23,-1.30,-1.10,2
1644541143.1236272,1,-3.61,9.28,-2.00,0.00,0.00,0.00,-2.07,3.88,0.76,1
1644541143.127628,2,6.67,6.41,0.23,0.00,0.00,0.00,-2.03,-1.52,-1.10,2
1644541143.13563,1,-3.61,9.28,-2.00,0.00,0.00,0.00,-1.68,3.98,0.72,1
1644541143.1406312,2,6.67,6.41,0.23,0.00,0.00,0.00,-1.72,-1.74,-1.09,2
1644541143.1486323,1,-3.58,9.92,-7.71,0.00,0.00,0.00,-1.07,3.93,0.66,1
1644541143.1526332,2,8.00,7.83,-3.50,0.00,0.00,0.00,-1.45,-1.86,-1.06,2
1644541143.1566348,1,-5.03,8.05,-10.21,0.00,0.00,0.00,-0.56,3.88,0.45,1
1644541143.1646364,2,8.00,7.83,-3.50,0.00,0.00,0.00,-1.66,-1.69,-0.93,2
1644541143.1696389,1,-5.03,8.05,-10.21,0.00,0.00,0.00,-0.83,3.79,0.47,1
1644541143.176639,2,9.36,10.81,-7.54,0.00,0.00,0.00,-2.34,-1.29,-1.15,2
1644541143.1816401,1,-3.71,11.00,-16.83,0.00,0.00,0.00,-1.18,3.68,-0.16,1
1644541143.1886423,2,10.10,6.17,-14.59,0.00,0.00,0.00,-1.58,-1.54,-0.95,2
1644541143.1936429,1,-3.71,11.00,-16.83,0.00,0.00,0.00,1.60,-1.75,-0.29,1
1644541143.1976438,2,10.10,6.17,-14.59,0.00,0.00,0.00,3.29,-0.53,0.25,2
1644541143.2056458,1,-7.43,-2.01,-28.13,0.00,0.00,0.00,1.15,0.63,-0.51,1
1644541143.2096467,2,12.59,14.01,-16.24,0.00,0.00,0.00,2.48,0.87,0.63,2
1644541143.2176487,1,-8.44,6.28,-5.75,0.00,0.00,0.00,0.16,0.36,0.15,1
1644541143.2216494,2,11.39,4.24,-3.26,0.00,0.00,0.00,-1.29,1.41,0.09,2
1644541143.2296515,1,-8.44,6.28,-5.75,0.00,0.00,0.00,0.22,-0.62,0.14,1
1644541143.2346513,2,11.39,4.24,-3.26,0.00,0.00,0.00,-1.51,1.70,-0.07,2
1644541143.2386534,1,-2.87,7.64,-11.01,0.00,0.00,0.00,-0.77,-1.33,0.02,1
1644541143.246655,2,6.01,7.07,-5.01,0.00,0.00,0.00,-1.44,1.66,-0.36,2
1644541143.2510734,1,-2.38,7.57,-8.39,0.00,0.00,0.00,-0.72,-2.16,0.31,1
1644541143.2556603,2,7.17,5.68,-2.95,0.00,0.00,0.00,-0.82,1.61,-0.32,2
1644541143.2627125,1,-2.38,7.57,-8.39,0.00,0.00,0.00,-0.20,-2.20,0.24,1
1644541143.2675235,2,7.17,5.68,-2.95,0.00,0.00,0.00,0.30,0.95,-0.02,2
1644541143.275525,1,-3.32,6.77,-2.76,0.00,0.00,0.00,0.36,-1.64,0.25,1
1644541143.2796586,2,6.49,4.76,-0.10,0.00,0.00,0.00,1.75,-1.24,0.32,2
1644541143.2878675,1,-4.47,6.49,-1.53,0.00,0.00,0.00,0.85,-1.05,0.29,1
1644541143.2918582,2,6.49,4.76,-0.10,0.00,0.00,0.00,1.74,-1.14,0.29,2
1644541143.295997,1,-4.47,6.49,-1.53,0.00,0.00,0.00,1.18,-0.65,0.33,1
1644541143.3041472,2,8.27,4.86,2.38,0.00,0.00,0.00,1.39,-0.82,0.27,2
1644541143.3083482,1,-5.55,7.24,-0.89,0.00,0.00,0.00,1.30,-0.52,0.40,1
1644541143.3130138,2,8.35,4.93,3.24,0.00,0.00,0.00,0.82,-0.45,0.12,2
1644541143.3210185,1,-5.55,7.24,-0.89,0.00,0.00,0.00,1.20,-0.62,0.43,1
1644541143.3250208,2,8.35,4.93,3.24,0.00,0.00,0.00,0.43,0.07,-0.02,2
1644541143.333022,1,-6.25,7.71,-0.19,0.00,0.00,0.00,0.95,-0.82,0.41,1
1644541143.336918,2,8.94,5.37,3.45,0.00,0.00,0.00,0.10,0.56,-0.08,2
1644541143.3451803,1,-6.89,8.55,0.28,0.00,0.00,0.00,0.67,-1.08,0.37,1
1644541143.349039,2,8.39,5.66,3.78,0.00,0.00,0.00,-0.13,1.22,0.08,2
1644541143.354041,1,-6.89,8.55,0.28,0.00,0.00,0.00,0.36,-1.26,0.31,1
1644541143.361042,2,8.39,5.66,3.78,0.00,0.00,0.00,-0.00,1.26,0.22,2
1644541143.366043,1,-7.07,9.31,0.92,0.00,0.00,0.00,0.05,-1.41,0.23,1
1644541143.370044,2,7.33,5.17,4.39,0.00,0.00,0.00,0.21,1.16,0.35,2
1644541143.3780458,1,-6.89,9.39,1.29,0.00,0.00,0.00,-0.02,-1.45,0.21,1
1644541143.3820465,2,7.33,5.17,4.39,0.00,0.00,0.00,0.37,0.95,0.41,2
1644541143.3900485,1,-6.89,9.39,1.29,0.00,0.00,0.00,-0.36,-1.69,-0.03,1
1644541143.3940487,2,7.59,4.24,5.08,0.00,0.00,0.00,0.47,0.83,0.45,2
1644541143.4020505,1,-5.88,8.74,1.93,0.00,0.00,0.00,-0.32,-1.63,-0.12,1
1644541143.4060526,2,6.90,3.91,5.20,0.00,0.00,0.00,0.43,0.88,0.43,2
1644541143.4140542,1,-5.88,8.74,1.93,0.00,0.00,0.00,-0.14,-1.45,-0.17,1
1644541143.4180548,2,6.90,3.91,5.20,0.00,0.00,0.00,0.38,0.88,0.33,2
1644541143.423056,1,-5.58,8.22,2.14,0.00,0.00,0.00,0.10,-1.21,-0.20,1
1644541143.4270575,2,7.20,3.53,5.20,0.00,0.00,0.00,0.39,0.97,0.29,2
1644541143.4350586,1,-5.45,7.77,2.24,0.00,0.00,0.00,0.17,-1.13,-0.20,1
1644541143.4390597,2,7.20,3.53,5.20,0.00,0.00,0.00,0.35,1.13,0.24,2
1644541143.4470613,1,-5.45,7.77,2.24,0.00,0.00,0.00,0.34,-0.76,-0.20,1
1644541143.452063,2,7.29,3.77,5.52,0.00,0.00,0.00,0.33,1.26,0.23,2
1644541143.4600644,1,-5.44,7.40,1.91,0.00,0.00,0.00,0.37,-0.67,-0.17,1
1644541143.4640653,2,7.32,3.55,6.25,0.00,0.00,0.00,0.35,1.23,0.30,2
1644541143.472067,1,-5.44,7.40,1.91,0.00,0.00,0.00,0.33,-0.58,-0.12,1
1644541143.476068,2,7.32,3.55,6.25,0.00,0.00,0.00,0.35,1.11,0.30,2
1644541143.4800687,1,-5.41,7.20,1.68,0.00,0.00,0.00,0.24,-0.59,-0.03,1
1644541143.4880705,2,7.06,3.11,6.93,0.00,0.00,0.00,0.35,0.95,0.27,2
1644541143.4930716,1,-5.60,7.12,1.58,0.00,0.00,0.00,0.19,-0.60,-0.00,1
1644541143.4970725,2,7.43,3.07,7.49,0.00,0.00,0.00,0.39,0.78,0.22,2
1644541143.505074,1,-5.60,7.12,1.58,0.00,0.00,0.00,-0.06,-0.60,0.09,1
1644541143.5090752,2,7.43,3.07,7.49,0.00,0.00,0.00,0.37,0.61,0.17,2
1644541143.5170774,1,-5.70,7.10,1.69,0.00,0.00,0.00,-0.09,-0.54,0.12,1
1644541143.5210783,2,7.65,3.25,7.40,0.00,0.00,0.00,0.30,0.41,0.12,2
1644541143.5290802,1,-5.95,7.15,1.77,0.00,0.00,0.00,-0.06,-0.48,0.15,1
1644541143.533081,2,7.65,3.25,7.40,0.00,0.00,0.00,0.18,0.22,0.12,2
1644541143.5380821,1,-5.95,7.15,1.77,0.00,0.00,0.00,-0.03,-0.40,0.18,1
1644541143.5450842,2,8.19,3.62,6.55,0.00,0.00,0.00,0.15,0.26,0.15,2
1644541143.550085,1,-6.43,7.85,1.65,0.00,0.00,0.00,-0.04,-0.33,0.18,1
1644541143.5540855,2,8.04,3.71,6.12,0.00,0.00,0.00,0.11,0.32,0.18,2
1644541143.5620883,1,-6.43,7.85,1.65,0.00,0.00,0.00,-0.11,-0.35,0.13,1
1644541143.5660882,2,8.04,3.71,6.12,0.00,0.00,0.00,0.08,0.32,0.18,2
1644541143.5740905,1,-6.54,8.22,1.55,0.00,0.00,0.00,-0.16,-0.36,0.07,1
1644541143.578091,2,7.63,3.55,6.11,0.00,0.00,0.00,0.02,0.29,0.14,2
1644541143.5860927,1,-6.40,8.19,1.43,0.00,0.00,0.00,-0.20,-0.32,0.03,1
1644541143.590094,2,7.65,3.78,5.95,0.00,0.00,0.00,-0.06,0.11,0.04,2
1644541143.5950947,1,-6.40,8.19,1.43,0.00,0.00,0.00,-0.21,-0.25,0.01,1
1644541143.6030962,2,7.65,3.78,5.95,0.00,0.00,0.00,-0.08,-0.02,0.03,2
1644541143.6080976,1,-6.45,8.33,1.23,0.00,0.00,0.00,-0.21,-0.21,-0.04,1
1644541143.6111004,2,7.83,3.89,5.37,0.00,0.00,0.00,-0.06,-0.10,0.05,2
1644541143.6191008,1,-6.51,8.12,1.12,0.00,0.00,0.00,-0.21,-0.21,-0.05,1
1644541143.6241012,2,7.83,3.89,5.37,0.00,0.00,0.00,0.01,-0.21,0.06,2
1644541143.6321025,1,-6.51,8.12,1.12,0.00,0.00,0.00,-0.22,-0.19,-0.14,1
1644541143.6361048,2,7.85,3.91,4.67,0.00,0.00,0.00,0.07,-0.34,0.06,2
1644541143.644106,1,-6.06,7.72,0.92,0.00,0.00,0.00,-0.22,-0.13,-0.14,1
1644541143.6481068,2,8.19,4.07,4.18,0.00,0.00,0.00,0.13,-0.45,0.06,2
1644541143.652108,1,-6.06,7.72,0.92,0.00,0.00,0.00,-0.19,-0.08,-0.12,1
1644541143.6601098,2,8.19,4.07,4.18,0.00,0.00,0.00,0.07,-0.41,0.09,2
1644541143.6651106,1,-6.04,7.37,0.88,0.00,0.00,0.00,-0.14,-0.05,-0.09,1
1644541143.6691113,2,8.69,4.21,3.85,0.00,0.00,0.00,0.02,-0.29,0.15,2
1644541143.677113,1,-6.00,7.59,0.75,0.00,0.00,0.00,-0.14,-0.05,-0.08,1
1644541143.6811142,2,8.38,3.99,3.39,0.00,0.00,0.00,0.02,-0.17,0.20,2
1644541143.689116,1,-6.00,7.59,0.75,0.00,0.00,0.00,-0.22,-0.13,-0.07,1
1644541143.693117,2,8.38,3.99,3.39,0.00,0.00,0.00,0.03,-0.11,0.21,2
1644541143.7011187,1,-5.81,7.63,0.91,0.00,0.00,0.00,-0.28,-0.15,-0.05,1
1644541143.7051194,2,8.00,3.73,3.24,0.00,0.00,0.00,0.06,-0.06,0.20,2
1644541143.7101207,1,-5.77,7.63,0.97,0.00,0.00,0.00,-0.29,-0.16,-0.03,1
1644541143.7171223,2,8.00,3.73,3.24,0.00,0.00,0.00,0.12,0.02,0.12,2
1644541143.7221236,1,-5.77,7.63,0.97,0.00,0.00,0.00,-0.28,-0.15,-0.04,1
1644541143.7261233,2,7.91,3.53,3.48,0.00,0.00,0.00,0.13,0.06,0.08,2
1644541143.734126,1,-5.72,7.88,0.97,0.00,0.00,0.00,-0.23,-0.14,-0.06,1
1644541143.738127,2,8.03,3.66,3.96,0.00,0.00,0.00,0.13,0.10,0.07,2
1644541143.7461295,1,-5.72,7.88,0.97,0.00,0.00,0.00,-0.17,-0.10,-0.08,1
1644541143.7501297,2,8.03,3.66,3.96,0.00,0.00,0.00,0.11,0.17,0.07,2
1644541143.7581317,1,-5.59,7.82,0.97,0.00,0.00,0.00,-0.14,-0.06,-0.10,1
1644541143.7621324,2,7.85,4.08,4.14,0.00,0.00,0.00,0.05,0.22,0.08,2
1644541143.7671335,1,-5.71,7.70,0.93,0.00,0.00,0.00,-0.13,-0.06,-0.10,1
1644541143.7751355,2,7.88,3.90,4.30,0.00,0.00,0.00,-0.01,0.22,0.07,2
1644541143.7791362,1,-5.71,7.70,0.93,0.00,0.00,0.00,-0.14,-0.08,-0.11,1
1644541143.7831373,2,7.88,3.90,4.30,0.00,0.00,0.00,-0.03,0.21,0.05,2
1644541143.7911396,1,-5.74,7.41,0.88,0.00,0.00,0.00,-0.16,-0.09,-0.10,1
1644541143.79514,2,7.74,3.97,4.51,0.00,0.00,0.00,-0.08,0.18,0.03,2
1644541143.8031416,1,-5.74,7.31,0.96,0.00,0.00,0.00,-0.16,-0.08,-0.10,1
1644541143.808143,2,7.74,3.97,4.51,0.00,0.00,0.00,-0.13,0.12,-0.01,2
1644541143.8161447,1,-5.74,7.31,0.96,0.00,0.00,0.00,-0.16,-0.08,-0.07,1
1644541143.8201456,2,7.75,3.64,4.60,0.00,0.00,0.00,-0.14,0.08,-0.03,2
1644541143.8242528,1,-5.81,7.19,0.85,0.00,0.00,0.00,-0.17,-0.06,-0.05,1
1644541143.8321486,2,7.73,3.64,4.61,0.00,0.00,0.00,-0.15,0.03,-0.06,2
1644541143.8371494,1,-5.81,7.19,0.85,0.00,0.00,0.00,-0.15,-0.04,-0.04,1
1644541143.8411505,2,7.73,3.64,4.61,0.00,0.00,0.00,-0.17,-0.00,-0.10,2
1644541143.8491523,1,-5.82,7.22,0.84,0.00,0.00,0.00,-0.11,-0.03,-0.03,1
1644541143.8531544,2,7.98,3.87,4.55,0.00,0.00,0.00,-0.19,0.01,-0.09,2
1644541143.8612833,1,-5.75,7.36,0.89,0.00,0.00,0.00,-0.10,-0.03,-0.02,1
1644541143.8650324,2,7.98,3.87,4.55,0.00,0.00,0.00,-0.21,0.04,-0.08,2
1644541143.8732939,1,-5.75,7.36,0.89,0.00,0.00,0.00,-0.02,-0.02,0.03,1
1644541143.8775601,2,8.08,4.07,4.74,0.00,0.00,0.00,-0.23,0.04,-0.06,2
1644541143.8819323,1,-5.86,7.46,0.93,0.00,0.00,0.00,0.00,-0.02,0.04,1
1644541143.889272,2,8.02,4.12,4.70,0.00,0.00,0.00,-0.23,0.05,-0.05,2
1644541143.8940742,1,-5.93,7.76,0.93,0.00,0.00,0.00,0.00,-0.04,0.05,1
1644541143.8980956,2,8.02,4.12,4.70,0.00,0.00,0.00,-0.23,-0.01,-0.02,2
1644541143.9057398,1,-5.93,7.76,0.93,0.00,0.00,0.00,-0.03,-0.05,0.04,1
1644541143.9101198,2,7.94,4.04,4.67,0.00,0.00,0.00,-0.22,-0.07,-0.02,2
1644541143.9185667,1,-6.02,7.90,1.09,0.00,0.00,0.00,-0.06,-0.08,0.04,1
1644541143.9225802,2,7.82,4.02,4.60,0.00,0.00,0.00,-0.21,-0.10,-0.02,2
1644541143.927614,1,-6.02,7.90,1.09,0.00,0.00,0.00,-0.09,-0.10,0.02,1
1644541143.934913,2,7.82,4.02,4.60,0.00,0.00,0.00,-0.23,-0.12,-0.03,2
1644541143.939583,1,-5.96,7.87,1.07,0.00,0.00,0.00,-0.11,-0.11,0.02,1
1644541143.9471967,2,7.82,3.93,4.46,0.00,0.00,0.00,-0.24,-0.11,-0.03,2
1644541143.9516008,1,-5.96,7.81,1.13,0.00,0.00,0.00,-0.13,-0.12,0.00,1
1644541143.9554162,2,7.82,3.93,4.46,0.00,0.00,0.00,-0.25,-0.04,-0.02,2
1644541143.9634342,1,-5.96,7.81,1.13,0.00,0.00,0.00,-0.13,-0.13,-0.01,1
1644541143.9674382,2,7.84,3.88,4.44,0.00,0.00,0.00,-0.27,0.01,-0.02,2
1644541143.9759634,1,-6.00,7.73,1.20,0.00,0.00,0.00,-0.13,-0.14,-0.06,1
1644541143.9796164,2,7.78,3.62,4.39,0.00,0.00,0.00,-0.29,0.03,-0.02,2
1644541143.9876056,1,-6.22,7.81,1.29,0.00,0.00,0.00,-0.06,-0.15,-0.18,1
1644541143.9916065,2,7.78,3.62,4.39,0.00,0.00,0.00,-0.32,0.08,-0.04,2
1644541143.996608,1,-6.22,7.81,1.29,0.00,0.00,0.00,-0.09,-0.13,-0.05,1
1644541144.0046096,2,7.74,3.60,4.41,0.00,0.00,0.00,-0.34,0.07,-0.05,2
1644541144.0086098,1,-5.84,7.13,1.19,0.00,0.00,0.00,-0.19,-0.05,0.02,1
1644541144.0126112,2,7.82,3.76,4.42,0.00,0.00,0.00,-0.33,0.06,-0.06,2
1644541144.020613,1,-5.84,7.13,1.19,0.00,0.00,0.00,-0.13,0.02,0.07,1
1644541144.0246136,2,7.82,3.76,4.42,0.00,0.00,0.00,-0.29,0.03,-0.03,2
1644541144.0326154,1,-6.29,7.57,1.12,0.00,0.00,0.00,-0.07,0.02,0.06,1
1644541144.0376165,2,7.83,3.79,4.51,0.00,0.00,0.00,-0.25,-0.02,-0.01,2
1644541144.0456185,1,-6.23,7.80,1.00,0.00,0.00,0.00,-0.06,0.01,0.05,1
1644541144.0496192,2,7.83,3.79,4.51,0.00,0.00,0.00,-0.24,-0.04,0.01,2
1644541144.0536213,1,-6.23,7.80,1.00,0.00,0.00,0.00,-0.10,-0.06,0.03,1
1644541144.061622,2,7.91,3.83,4.58,0.00,0.00,0.00,-0.22,-0.05,0.01,2
1644541144.0656228,1,-6.32,7.92,1.14,0.00,0.00,0.00,-0.09,-0.06,0.01,1
1644541144.070624,2,8.14,3.96,4.47,0.00,0.00,0.00,-0.23,-0.04,0.02,2
1644541144.0783668,1,-6.32,7.92,1.14,0.00,0.00,0.00,-0.09,-0.05,-0.01,1
1644541144.0823452,2,8.14,3.96,4.47,0.00,0.00,0.00,-0.24,0.01,0.05,2
1644541144.0906286,1,-6.42,7.93,1.23,0.00,0.00,0.00,-0.09,-0.05,-0.03,1
1644541144.0946293,2,8.15,4.01,4.35,0.00,0.00,0.00,-0.24,0.03,0.07,2
1644541144.1026313,1,-6.39,7.91,1.33,0.00,0.00,0.00,-0.09,-0.05,-0.05,1
1644541144.1066322,2,8.21,3.93,4.23,0.00,0.00,0.00,-0.24,0.06,0.08,2
1644541144.1116333,1,-6.39,7.91,1.33,0.00,0.00,0.00,-0.09,-0.04,-0.09,1
1644541144.118635,2,8.21,3.93,4.23,0.00,0.00,0.00,-0.23,0.07,0.09,2
1644541144.1236362,1,-6.27,7.77,1.37,0.00,0.00,0.00,-0.09,-0.02,-0.10,1
1644541144.127637,2,7.96,3.74,4.28,0.00,0.00,0.00,-0.23,0.07,0.10,2
1644541144.1356387,1,-6.18,7.48,1.42,0.00,0.00,0.00,-0.06,0.01,-0.09,1
1644541144.1396399,2,7.96,3.74,4.28,0.00,0.00,0.00,-0.22,0.08,0.09,2
1644541144.1476414,1,-6.18,7.48,1.42,0.00,0.00,0.00,-0.05,0.04,-0.08,1
1644541144.1516423,2,7.95,3.79,4.32,0.00,0.00,0.00,-0.21,0.09,0.10,2
1644541144.1596441,1,-6.20,7.47,1.38,0.00,0.00,0.00,-0.05,0.05,-0.07,1
1644541144.163645,2,7.91,3.84,4.46,0.00,0.00,0.00,-0.20,0.10,0.11,2
1644541144.168646,1,-6.20,7.47,1.38,0.00,0.00,0.00,-0.06,0.03,-0.07,1
1644541144.175648,2,7.91,3.84,4.46,0.00,0.00,0.00,-0.19,0.11,0.12,2
1644541144.1806493,1,-6.15,7.51,1.28,0.00,0.00,0.00,-0.05,0.03,-0.07,1
1644541144.1847732,2,7.92,3.79,4.68,0.00,0.00,0.00,-0.19,0.11,0.11,2
1644541144.193075,1,-6.13,7.35,1.28,0.00,0.00,0.00,-0.04,0.02,-0.08,1
1644541144.1967957,2,7.92,3.79,4.68,0.00,0.00,0.00,-0.20,0.09,0.11,2
1644541144.2046006,1,-6.13,7.35,1.28,0.00,0.00,0.00,-0.02,0.02,-0.09,1
1644541144.2093277,2,7.81,3.70,4.75,0.00,0.00,0.00,-0.20,0.08,0.11,2
1644541144.2136135,1,-6.02,7.29,1.25,0.00,0.00,0.00,0.00,0.03,-0.09,1
1644541144.221512,2,7.81,3.65,4.68,0.00,0.00,0.00,-0.19,0.04,0.11,2
1644541144.2257748,1,-5.95,7.25,1.30,0.00,0.00,0.00,0.01,0.04,-0.08,1
1644541144.230538,2,7.81,3.65,4.68,0.00,0.00,0.00,-0.18,0.04,0.11,2
1644541144.2385657,1,-5.95,7.25,1.30,0.00,0.00,0.00,0.02,0.05,-0.06,1
1644541144.2425492,2,7.79,3.56,4.71,0.00,0.00,0.00,-0.18,0.03,0.11,2
1644541144.2500215,1,-6.00,7.38,1.42,0.00,0.00,0.00,0.01,0.04,-0.04,1
1644541144.2543623,2,7.69,3.54,4.59,0.00,0.00,0.00,-0.18,0.03,0.11,2
1644541144.2625782,1,-6.00,7.38,1.42,0.00,0.00,0.00,-0.02,0.03,-0.02,1
1644541144.2665787,2,7.69,3.54,4.59,0.00,0.00,0.00,-0.18,0.03,0.10,2
1644541144.2708628,1,-5.99,7.40,1.46,0.00,0.00,0.00,-0.07,0.02,-0.02,1
1644541144.2791107,2,7.69,3.53,4.56,0.00,0.00,0.00,-0.15,0.03,0.08,2
1644541144.2831116,1,-5.96,7.47,1.44,0.00,0.00,0.00,-0.10,0.01,-0.02,1
1644541144.2871282,2,7.69,3.53,4.56,0.00,0.00,0.00,-0.14,0.02,0.07,2
1644541144.2956426,1,-5.96,7.47,1.44,0.00,0.00,0.00,-0.10,0.00,-0.03,1
1644541144.2994368,2,7.75,3.58,4.56,0.00,0.00,0.00,-0.13,0.03,0.07,2
1644541144.3077838,1,-5.89,7.35,1.41,0.00,0.00,0.00,-0.10,-0.01,-0.03,1
1644541144.3117154,2,7.76,3.68,4.68,0.00,0.00,0.00,-0.13,0.03,0.07,2
1644541144.320074,1,-5.81,7.25,1.41,0.00,0.00,0.00,-0.08,-0.00,-0.04,1
1644541144.3238096,2,7.76,3.68,4.68,0.00,0.00,0.00,-0.13,0.03,0.06,2
1644541144.328591,1,-5.81,7.25,1.41,0.00,0.00,0.00,-0.05,0.00,-0.05,1
1644541144.3362906,2,7.68,3.59,4.64,0.00,0.00,0.00,-0.12,0.01,0.06,2
1644541144.3405988,1,-5.91,7.17,1.50,0.00,0.00,0.00,-0.00,0.02,-0.04,1
1644541144.3445995,2,7.65,3.39,4.51,0.00,0.00,0.00,-0.10,-0.01,0.06,2
1644541144.3527734,1,-5.91,7.17,1.50,0.00,0.00,0.00,-0.00,0.03,-0.04,1
1644541144.3566134,2,7.65,3.39,4.51,0.00,0.00,0.00,-0.08,-0.02,0.05,2
1644541144.3646154,1,-5.89,7.27,1.47,0.00,0.00,0.00,0.00,0.05,-0.02,1
1644541144.369065,2,7.70,3.30,4.56,0.00,0.00,0.00,-0.06,-0.00,0.05,2
1644541144.3773549,1,-5.83,7.33,1.51,0.00,0.00,0.00,-0.02,0.06,-0.02,1
1644541144.3812664,2,7.70,3.30,4.56,0.00,0.00,0.00,-0.05,0.01,0.04,2
1644541144.3855472,1,-5.83,7.33,1.51,0.00,0.00,0.00,-0.03,0.06,-0.01,1
1644541144.3936381,2,7.66,3.29,4.65,0.00,0.00,0.00,-0.06,0.05,0.01,2
1644541144.3975558,1,-5.93,7.31,1.52,0.00,0.00,0.00,-0.03,0.07,0.00,1
1644541144.402576,2,7.74,3.36,4.83,0.00,0.00,0.00,-0.06,0.07,0.01,2
1644541144.4095902,1,-5.90,7.26,1.53,0.00,0.00,0.00,-0.02,0.07,0.01,1
1644541144.4145916,2,7.74,3.36,4.83,0.00,0.00,0.00,-0.06,0.08,0.00,2
1644541144.4225829,1,-5.90,7.26,1.53,0.00,0.00,0.00,-0.03,0.08,0.01,1
1644541144.426393,2,7.78,3.37,5.02,0.00,0.00,0.00,-0.06,0.07,0.00,2
1644541144.4345953,1,-6.01,7.28,1.49,0.00,0.00,0.00,-0.03,0.09,0.01,1
1644541144.4385955,2,7.78,3.37,5.02,0.00,0.00,0.00,-0.06,0.05,0.00,2
1644541144.4435995,1,-6.01,7.28,1.49,0.00,0.00,0.00,-0.03,0.09,0.02,1
1644541144.450604,2,7.84,3.48,5.10,0.00,0.00,0.00,-0.07,0.04,-0.00,2
1644541144.455176,1,-6.01,7.33,1.40,0.00,0.00,0.00,-0.05,0.07,0.02,1
1644541144.4596095,2,7.87,3.48,4.93,0.00,0.00,0.00,-0.06,-0.02,0.00,2
1644541144.4676108,1,-6.12,7.37,1.36,0.00,0.00,0.00,-0.06,0.04,0.02,1
1644541144.4714468,2,7.87,3.48,4.93,0.00,0.00,0.00,-0.05,-0.06,0.01,2
1644541144.4794538,1,-6.12,7.37,1.36,0.00,0.00,0.00,-0.08,0.03,0.01,1
1644541144.4834545,2,7.88,3.35,4.75,0.00,0.00,0.00,-0.03,-0.07,0.01,2
1644541144.491456,1,-6.10,7.44,1.28,0.00,0.00,0.00,-0.07,0.03,0.01,1
1644541144.4954572,2,8.00,3.30,4.68,0.00,0.00,0.00,-0.01,-0.07,0.01,2
1644541144.5004578,1,-6.10,7.44,1.28,0.00,0.00,0.00,-0.07,0.02,-0.01,1
